DYN1_DESC;With a score of $SCORE$ you$FAILED$ beat House Gardener of Highgarden.;;;;;;;;;;;;;x
DYN2_DESC;With a score of $SCORE$ you$FAILED$ beat House Durrandon of Storm's End.;;;;;;;;;;;;;x
DYN3_DESC;With a score of $SCORE$ you$FAILED$ beat House Arryn of the Vale.;;;;;;;;;;;;;x
DYN4_DESC;With a score of $SCORE$ you$FAILED$ beat House Greyiron.;;;;;;;;;;;;;x
DYN5_DESC;With a score of $SCORE$ you$FAILED$ beat House Mudd of Oldstones;;;;;;;;;;;;;x
DYN6_DESC;With a score of $SCORE$ you$FAILED$ beat House Stark of Winterfell.;;;;;;;;;;;;;x
DYN7_DESC;With a score of $SCORE$ you$FAILED$ beat House Justman of Just Keep.;;;;;;;;;;;;;x
DYN8_DESC;With a score of $SCORE$ you$FAILED$ beat House Royce of Runestone.;;;;;;;;;;;;;x
DYN9_DESC;With a score of $SCORE$ you$FAILED$ beat House Hightower of Oldtown.;;;;;;;;;;;;;x
DYN10_DESC;With a score of $SCORE$ you$FAILED$ beat House Rosby of Rosby.;;;;;;;;;;;;;x
DYN11_DESC;With a score of $SCORE$ you$FAILED$ beat House Vance of Wayfarer's Rest.;;;;;;;;;;;;;x
DYN12_DESC;With a score of $SCORE$ you$FAILED$ beat House Dustin of the Barrows.;;;;;;;;;;;;;x
DYN13_DESC;With a score of $SCORE$ you$FAILED$ beat House Farman of Fair Isle.;;;;;;;;;;;;;x
DYN14_DESC;With a score of $SCORE$ you$FAILED$ beat House Tyrell of Manderford.;;;;;;;;;;;;;x
DYN15_DESC;With a score of $SCORE$ you$FAILED$ beat House Paege of Fairmarket.;;;;;;;;;;;;;x
EVTDESC4155;A husband and wife musician couple has arrived from Lys. Their performances range from vulgar satires to political sirventes and everything in between, including songs and poems of courtly love.;Un couple de musiciens est arrivé de Lys. Leurs répertoires vont de la vulgaire satire aux poèmes politiques en passant par les chansons et poésies d'amour courtois. ;;;Una pareja de músicos llegó de Lys. Su repertorios va desde la vulgar sátira con poemas políticos hasta canciones y poemas de amor cortés .;;;;;;;;;x
EVTOPTC4155;The poetry sure is interesting!;La poésie, c’est intéressant !;Die Sirventes sind sehr interessant!;;¡Seguro que los poemas políticos son interesantes!;;;;;;;;;x
EVTOPTD4155;I hope they know 'The Bear and the Maiden Fair'!;J’espère qu’ils connaissent 'La Belle et l'Ours' !;Ich hoffe, dass sie das 'Falkenlied' kennen!;;¡Espero que conozcan 'El Oso y la Doncella'!;;;;;;;;;x
EVTOPTG4155;I hope they know 'Seasons of My Love'!;J’espère qu’ils connaissent 'Les saisons de ma mie' !;Ich hoffe, dass sie das 'Falkenlied' kennen!;;¡Espero que conozcan 'Las estaciones de mi amor'!;;;;;;;;;x
DE_JURE_KINGDOM_DESC_HOLDER_1;§Y$KING$§W is the current lord, and also de facto controller of §Y$PROVINCE$§W.;§Y$KING$§W est l'actuel seigneur, et donc de facto le régisseur de §Y$PROVINCE$§W.;;;§Y$KING$§W es el actual Señor, y también de facto el de §Y$PROVINCE$§W.;;;;;;;;;x
DE_JURE_KINGDOM_DESC_HOLDER_2;§Y$KING$§W is the current lord, and, while not in de facto control of §Y$PROVINCE$§W, still has the authority to pass Laws that affect it.;§Y$KING$§W est l'actuel seigneur et, s'il ne contrôle pas de facto §Y$PROVINCE$§W, a toujours l'autorité nécessaire pour proclamer des lois l'affectant. ;;;§Y$KING$§W es el actual Señor y, si no controla de facto §Y$PROVINCE$§W, tendrá la autoridad para proclamar leyes que le afecten. ;;;;;;;;;x
DE_JURE_DUCHY_DESC_HOLDER_1;§Y$DUKE$§W is the current lord, and also de facto controller of §Y$PROVINCE$§W.;§Y$DUKE$§W est l'actuel seigneur, et donc de facto le régisseur de §Y$PROVINCE$§W.;;;§Y$DUKE$§W es el actual Señor, y también de facto el de §Y$PROVINCE$§W.;;;;;;;;;x
DE_JURE_DUCHY_DESC_HOLDER_2;§Y$DUKE$§W is the current lord, who will strive to regain actual control of §Y$PROVINCE$§W.;§Y$DUKE$§W est le seigneur actuel, qui va s'efforcer de regagner le contrôle de §Y$PROVINCE$§W.;;;§Y$DUKE$§W es el actual Señor, y se esforzará para conseguir el control de §Y$PROVINCE$§W.;;;;;;;;;x
EVTOPTC73001;These are books created by demons!;Ce sont des livres créés par des démons !;Diese Bücher hat der Teufel geschrieben!;;Son libros escritos por demonios!;;;;;;;;;x
EVTDESC6224;I wasn't sure what to do, when a demon whispered to me. I should talk to one of the denizens of my dungeon. As I listened to the prisoner's appeal for mercy the demon whispered to me once more that they weren't very sincere. Perchance a little time on the rack would help him.;Je ne savais pas que faire, lorsqu'un démon a chuchoté à mon oreille. Il me fallait m’entretenir avec l'un des occupants de mon donjon. Alors que j’écoutais le prisonnier demander pitié, le démon a, une nouvelle fois, chuchoté à mon oreille qu’il n’était pas sincère. Je devrais peut-être le soumettre à la torture.;Als Satan mir zuflüsterte, wusste ich nicht, was ich tun sollte. Ich sprach also mit einem Insassen meines Kerkers. Als ich zuhörte, wie der Gefangene um Gnade flehte, flüsterte mir Satan zu, dass er nicht besonders aufrichtig sei. Vielleicht wäre eine Weile auf der Streckbank für ihn eine Hilfe?;;No sabía muy bien qué hacer cuando un demonio comenzó a susurrar en mi oído. Debería hablar con algún habitante de mi mazmorra. Mientras el prisionero pedía piedad, el demonio me habló una vez más y me dijo que no era sincero. Quizás le venga bien pasar un rato en el potro de tortura.;;;;;;;;;x
EVTOPTA6224;I heard him scream and the demon laughed with delight.;Je l’ai entendu crier et le démon a ri avec délectation.;Während ich ihn schreien hörte, lachte Satan vergnüglich.;;Lo escuché gritar y el demonio reía complacido.;;;;;;;;;x
EVTDESC6229;I was patient and listened to the knight as he explained to me why the world was shaped like a banana. I knew it was a demon's voice who said why do you listen to this fool, your eyes prove the world is flat.;J’ai patiemment écouté le chevalier m’expliquer pourquoi le monde avait la forme d’une banane. Je savais que c’était la voix du démon qui me demandait pourquoi écouter cet imbécile puisque vos yeux prouvent que le monde est plat.;Ich hörte dem Ritter geduldig zu, als er mir erklärte, weshalb die Erde krumm wie eine Banane sei. Ich wusste, dass es Satans Stimme war, die mich fragte, warum ich diesem Narren überhaupt zuhörte. Ich wüsste doch, dass die Erde eine Scheibe sei.;;Fui paciente y escuché al caballero argumentar por qué el mundo tenía forma de plátano. Sabía que era un demonio quien preguntaba que por qué escuchaba a aquel imbécil, que mis ojos sabían que el mundo es plano.;;;;;;;;;x
voice_of_satan;Voice of the Demons;Voix des démons;Die Stimme Satans;;Voz de los demonios;;;;;;;;;x
EVTOPTA4140;Valar morghulis.;Valar morghulis.;Valar morghulis.;;Valar morghulis.;;;;;;;;;x
COUNTY;Lordship;Seigneuriale;;;Señorío;;;;;;;;;x
DUCAL;High;Haute Seigneuriale;;;Gran Señorío;;;;;;;;;x
ROYAL;Regional;Suzeraine;;;Reino;;;;;;;;;x
IMPERIAL;Royal;Royale;Königlich;;Imperial;;;;;;;;;x
EVTOPTD50006;Cut off his manhood and feed it to the goats!;Coupez-lui l’engin pour en nourrir les chèvres !;;;Cortadle la virilidad y dádsela de comer a las cabras!;;;;;;;;;x
EVTDESC50027;When [FROM.GetSheHe] heard my request, [From.GetTitledFirstNameWithDynastyAndTitleNoRegnal] chopped off my manhood and fed it to the goats!;Quand j'ai voulu plaider ma cause, [From.GetTitledFirstNameWithDynastyAndTitleNoRegnal] m'a tranché ma virilité et l'a donnée à manger aux chèvres !;;;[From.GetTitledFirstNameWithDynastyAndTitleNoRegnal] me ha cortado la virilidad y se la ha dado de comer a las cabras!;;;;;;;;;x
EVTOPTA50027;Aaaaaargh!;Aaaaaargh !;Aaaaaargh!;;Aaaaaargh!;;;;;;;;;x
impaler;Torturer;Tortionnaire;Folterer;;Torturador;;;;;;;;;x
impaler_desc;This depraved character likes to spend the nights in the dungeon, inventing new ways of torturing unfortunate victims.;Ce personnage dépravé passe ses nuits dans le donjon à inventer de nouveaux moyens de torturer ses malheureux prisonniers.\nCrainte : §G+20§!;Dieser verkommene Charakter bringt die Nächte gerne im Kerker zu und erfindet neue Möglichkeiten zum Foltern seiner unglückseligen Opfer.;;A este personaje depravado le gusta pasar las noches en la mazmorra ideando nuevas forma de torturar a sus desgraciadas víctimas.;;;;;;;;;x
EVTDESC69060;The lack of virtue I have observed in one of the courtiers makes me worried. I wouldn't want to accuse anyone of not being a good follower of the Faith, but if my suspicions are correct then something needs to be done!;Le manque de piété que j'ai vu chez l'un des courtisans m'inquiète. Je ne voudrais accuser personne d'être un mauvais fidèle de la Foi, mais si mes soupçons sont justes alors il faut faire quelque chose !;;;La falta de piedad que he visto en uno de mis cortesanos me preocupa. No querría acusar a nadie de ser un mal fiel de la Fe, pero si mis suposiciones son ciertas habrá que hacer algo.;;;;;;;;;x
EVTOPTD38020;Never! [Root.Religion.GetHighGodName] frown upon such unvirtuous actions!;Jamais ! Les Sept désapprouvent un tel manque de piété !;;;Jamás! Los Siete desaprobarían tal falta de piedad!;;;;;;;;;x
TITLE_KING_CREATION_PIETY_COST;You need §R$COST$§! Virtue to create a Regional title;Vous avez besoin de §R$COST$§! de score de piété pour créer une Seigneurie Suzeraine ;;;Necesitas §R$COST$§! de piedad para crear un Reino.;;;;;;;;;x
TITLE_EMPIRE_CREATION_PIETY_COST;You need §R$COST$§! Virtue to create a Kingdom/Empire.;Vous avez besoin de §R$COST$§! De score de piété pour créer un Royaume.;;;Necesitas §R$COST$§! de piedad para crear un Reino/Imperio.;;;;;;;;;x
EVTDESC69065;Now even the High Septon has heard about my lack of virtue! Officially, the High Septon sent one of his servants to make sure the bonds between the High Septon and the Faithful in [Root.Location.GetName] is still strong despite my lack of piety but unofficially, the servant was there to give me a stern speech about my lack of faith.;Désormais, même le Grand Septon a entendu parler de mon manque de piété ! Officiellement, le Grand Septon a envoyé l'un de ses serviteurs pour s'assurer que les liens entre Sa Sainteté et les croyants sont toujours forts à [Root.Location.GetName] malgré mon manque de piété, mais officieusement, le serviteur était ici pour me sermonner sur mon manque de foi. ;;;Hasta el Septón Supremo ha oído hablar de mi falta de peidad! Oficialmente, el Gran Septón ha enviado a uno de ser sirvientes para asegurarse que los lazos entre y los creyentes siguen siendo fuertes en [Root.Location.GetName] a pesar de mi falta de piedad, pero oficiosamente, el servidor ha venido aquí para semonearme sobre mi falta de fe.;;;;;;;;;x
EVTDESC_SoA_5341;You have received a visitor, a brother from the famous septry at Queit Isle. He tells you that the brothers there spend much of their days in devoted prayer, and that they always mention the names of the most pious of the Faith in those prayers.\n\nIf you would demonstrate your immense piety by donating a large sum of gold to the Septry, you would surely be among those present in the brothers' prayers.;Vous recevez la visite d'un frère originaire de la fameuse communauté de moins de l'Ile de Repose. Il vous raconte que les moines y passent la plus grande partie de leurs journées à prier et qu'ils mentionnent toujours les noms des croyants les plus pieux dans ces prières.\n\nSi vous témoigniez votre immense piété en faisant don d'une importante somme d'or au septuaire, il ne fait aucun doute que ces moines prieront pour vous également.;Eines Tages empfangt Ihr einen Mönch, der aus dem berühmten Kloster Cluny zu Euch gereist ist. Er spricht davon, dass die Mönche dort im Gebet regelmäßig der frommsten Christen namentlich gedenken.\n\nFalls Ihr Eure enorme Frömmigkeit mit einer ebenso enormen Spende an die Abtei in Cluny unter Beweis stellen würdet, könnte auch Euer Name Teil des Gebets werden.;;Habéis recibido la visita de un septón del septo de Isla Tranquila. Os cuenta que allí los septones invierten gran parte de su jornada en abnegadas oraciones y que siempre mencionan el nombre de los cristianos más píos en dichas oraciones.\n\nSi demostrárais vuestra inmensa piedad donando una gran cantidad de oro al septo, estariáis seguro en las oraciones de los septones.;;;;;;;;;x
succ_papal_succession_desc;The High Septon is elected by the Council of the Most Devout depending on age, virtue, popularity and other factors.;Le Grand Septon est élu par le concile de Leurs Saintetés selon son âge, sa piété, sa popularité et d'autres facteurs.;Der Papst wird vom Kardinalskollegium aufgrund von Alter, Frömmigkeit, Beliebtheit und anderen Faktoren gewählt.;;El Septón Supremo es elegido por los Máximos Devotos en función de su edad, piedad, popularidad y otros factores.;;;;;;;;;x
NOMINATE_BISHOP_TO_POPE_INTERACTION_TITLE;Nominate Septon;Nommer un septon;Bischof nominieren;;Nombrar un Septón;;;;;;;;;x
NOMINATE_BISHOP_TO_POPE_INTERACTION_DESC;Ask §Y[Actor.RelHead.GetTitledFirstName]§W to choose your selected courtier as the next Septon for one of your churches. This will cost you Piety.;Demander à §Y[Actor.RelHead.GetTitledFirstName]§W de choisir votre favori comme prochain septon pour l'un de vos septuaire. Ceci coûtera de la piété.;Bittet §Y[Actor.RelHead.GetTitledFirstName]§W darum, den gewählten Höfling als nächsten Bischof einer Eurer Kirchen einzusetzen. Dies kostet Euch Pietät.;;Solicitar a §Y[Actor.RelHead.GetTitledFirstName]§W que elija a vuestro cortesano como próximo septón de uno de tus septos. Os costará Piedad.;;;;;;;;;x
NOMINATE_BISHOP_TO_POPE_INTERACTION_ACCEPT_SETUP;Request for Septon Nomination Accepted;Requête de nomination d'un septon acceptée;Die Bitte um Nominierung eines Bischofs wurde gewährt;;Solicitud de nombramiento de septón aceptada;;;;;;;;;x
NOMINATE_BISHOP_TO_POPE_INTERACTION_ACCEPT_LOG;§Y[Actor.GetTitledFirstNameWithDynastyAndTitleNoRegnal]§W nominated a Septon to §Y[Recipient.GetTitledFirstNameWithDynastyAndTitleNoRegnal]§W;§Y[Actor.GetTitledFirstNameWithDynastyAndTitleNoRegnal]§W a nommé un septon à §Y[Recipient.GetTitledFirstNameWithDynastyAndTitleNoRegnal]§W;§Y[Actor.GetTitledFirstNameWithDynastyAndTitleNoRegnal]§W nominierte einen Bischof für §Y[Recipient.GetTitledFirstNameWithDynastyAndTitleNoRegnal]§W;;§Y[Actor.GetTitledFirstNameWithDynastyAndTitleNoRegnal]§W ha nombrado un septón para §Y[Recipient.GetTitledFirstNameWithDynastyAndTitleNoRegnal]§W;;;;;;;;;x
NOMINATE_BISHOP_TO_POPE_INTERACTION_DECLINE_SETUP;Request for Septon Nomination Declined;Requête de nomination d'un septon refusée;Die Bitte um Nominierung eines Bischofs wurde abgeschlagen;;Solicitud de nombramiento de septón rechazada;;;;;;;;;x
NOMINATE_BISHOP_TO_POPE_INTERACTION_DECLINE_LOG;§Y[Actor.GetTitledFirstNameWithDynastyAndTitleNoRegnal]§W nominated a Septon to §Y[Recipient.GetTitledFirstNameWithDynastyAndTitleNoRegnal]§W;§Y[Actor.GetTitledFirstNameWithDynastyAndTitleNoRegnal]§W a nommé un septon à §Y[Recipient.GetTitledFirstNameWithDynastyAndTitleNoRegnal]§W;§Y[Actor.GetTitledFirstNameWithDynastyAndTitleNoRegnal]§W nominierte einen Bischof für §Y[Recipient.GetTitledFirstNameWithDynastyAndTitleNoRegnal]§W;;§Y[Actor.GetTitledFirstNameWithDynastyAndTitleNoRegnal]§W ha nombrado un septón para §Y[Recipient.GetTitledFirstNameWithDynastyAndTitleNoRegnal]§W;;;;;;;;;x
NOMINATE_BISHOP_TO_POPE_INTERACTION_OFFER;[Actor.GetTitledFirstNameWithDynastyAndTitleNoRegnal] has presented a nomination for Septry to us!;[Actor.GetTitledFirstNameWithDynastyAndTitleNoRegnal] nous a présenté une demande de candidature au septuaire !;[Actor.GetTitledFirstNameWithDynastyAndTitleNoRegnal] ist mit der Nominierung eines Bischofs an uns herangetreten!;;[Actor.GetTitledFirstNameWithDynastyAndTitleNoRegnal] nos ha presentado una petición de nombramiento para el septo!;;;;;;;;;x
NOMINATE_BISHOP_TO_POPE_INTERACTION_LETTER;Please accept my nomination of this Septon.;Veuillez accepter la nomination de ce septon.;Bitte akzeptiert die Nominierung dieses Bischofs.;;Por favor, aceptad el nombramiento de este septón.;;;;;;;;;x
EVTDESC_SOA_3102;I have accepted your request of nomination for a Septry.;J'ai accepté votre demande de nomination pour un septuaire.;Ich habe Euer Gesuch nach Nominierung eines Bischofs angenommen.;;He aceptado vuestra solicitud de nombramiento para un septo.;;;;;;;;;x
EVTDESC_SOA_3103;I have refused your request of nomination for a Septry.;J'ai refusé votre demande de nomination au septuaire.;Ich habe Euer Gesuch nach Nominierung eines Bischofs abgelehnt.;;He rechazado vuestra solicitud de nombramiento para un septo.;;;;;;;;;x
SHOW_COLLEGE_OF_CARDINALS;The Council of the Most Devout;Le concile de Leurs Saintetés;Das Kolleg der Kardinäle;;Consejo de los Máximos Devotos;;;;;;;;;x
CAMPAIGN_FUND_CARDINALS_DESC;Money in the Campaign Fund will increase your influence with the Most Devout and make your candidate more likely to be elected the next $RULER_TITLE$. You can freely adjust the amount until the next $RULER_TITLE$ is elected, when the Fund will be used up in the election campaign.;L'argent de votre fonds de campagne sert à accroître votre influence auprès de Leurs Saintetés et à augmenter les chances de votre candidat d'être élu $RULER_TITLE$. Vous pouvez ajuster librement ce montant jusqu'à l'élection du prochain $RULER_TITLE$, moment auquel votre fonds de campagne sera utilisé.;Das Geld in der Wahlkampfkasse steigert Euren Einfluss beim Papst, sodass Euer Kandidat bessere Chancen auf die Wahl zum $RULER_TITLE$ hat. Ihr könnt den Betrag bis zum Zeitpunkt, an dem der $RULER_TITLE$ gewählt wird, frei verändern. Bei der Wahl wird der Betrag verbraucht.;;El dinero del fondo para la campaña aumenta tu influencia con los Máximos Devotos e incrementa las probabilidades de que tu candidato sea elegido el próximo $RULER_TITLE$. Puedes ajustar libremente la cantidad hasta que se elija al próximo $RULER_TITLE$, cuando se invertirá el fondo en la campaña.;;;;;;;;;x
CURRENT_CHOICE_DESC;This is the Most Devout's current choice for the next High Septon.;Voici pour qui compte voter cette Sainteté.;Dies ist der Favorit des Kardinals für die nächste Papstwahl;;Esta es la elección actual de los Máximos Devotos como próximo Septón Supremo.;;;;;;;;;x
POPE;High Septon;Grand Septon;;;Septón Supremo;;;;;;;;;x
TITLE_GAINED_RELIGIOUS_PLAYER_SETUP;Your vassal was appointed to Most Devout;Votre vassal a été nommé Sainteté.;Euer Vasall wurde zum Kardinal ernannt.;;Tu vasallo ha sido nombrado Máximo Devoto.;;;;;;;;;x
TITLE_GAINED_RELIGIOUS_PLAYER_LETTER;Your vassal $NEWHOLDER$ was given a seat on the Council of the Most Devout;Votre vassal $NEWHOLDER$ a reçu un siège au concile de Leurs Saintetés.;Eurem Vasallen $NEWHOLDER$ wurde ein Sitz im Kolleg der Kardinäle zuerkannt.;;Tu vasallo $NEWHOLDER$ ha obtenido un asiento en el Consejo de los Máximos Devotos.;;;;;;;;;x
TITLE_GAINED_RELIGIOUS_PLAYER_LOG;Your vassal $NEWHOLDER$ was given a seat on the Council of the Most Devout.;Votre vassal $NEWHOLDER$ a reçu un siège au concile de Leurs Saintetés.;Eurem Vasallen $NEWHOLDER$ wurde ein Sitz im Kolleg der Kardinäle zuerkannt.;;Tu vasallo $NEWHOLDER$ ha obtenido un asiento en el Consejo de los Máximos Devotos.;;;;;;;;;x
EVTDESC_SOA_36599;A woman has arrived in [Root.Location.GetName] who reveals herself to be a Red Priestess from far Asshai. You were about to have her beheaded for being a follower of R'hllor, that was until she lay prostrate before you proclaiming the [Root.GetSonDaughter] of the Great Other to be the true chosen one, pledging her fealty to you. To prove her loyalty she presents you with a Dragon egg which she says she will help you hatch.;Une femme est arrivée à [Root.Location.GetName], se présentant comme une prêtresse rouge venue de la lointaine Asshaï. Vous êtes sur le point de la faire décapiter pour ses croyances, lorsqu'elle se prosterne devant vous, vous proclamant [Root.GetSonDaughter] de l’Autre et vous jurant fidélité. Pour prouver sa loyauté elle vous présente un oeuf de dragon qu'elle dit pouvoir vous aider à faire éclore.;;;Una mujer ha llegado a [Root.Location.GetName], dice ser una sacerdotisa roja venida de la lejana Asshai. Estás a punto de decapitarla por sus creencias, cuando ella se postra ante ti y te proclama hijo del Gran Otro, jurándote fidelidad. Para probar su lealtad, te regala un huevo de dragón y dice que puede ayudarte a hacerlo eclosionar.;;;;;;;;;x
EVTOPTA_SOA_36599;Rise loyal servant;Relève-toi, fidèle servante. ;;;Álzate, servidora fiel.;;;;;;;;;x
EVTDESC_SOA_3020;My true Father spoke to me in a dream, revealing His plans for me. The world shall bow to my strength and the people will accept the truth of The Great Other into their hearts... or DIE!;Mon vrai Père m'a parlé en songe et m'a révélé Ses projets pour moi. Les gens se plieront à ma volonté et accepteront la vérité de l'Autre dans leur cœur... ou MOURRONT !;Mein wahrer Vater hat im Traum zu mir gesprochen und mir offenbart, welche Pläne er mit mir hat. Vor meiner Stärke soll die ganze Welt das Haupt neigen und alle Menschen werden erkennen, dass [Root.Religion.GetRandomEvilGodName] die Wahrheit spricht und seine Lehren bereitwillig annehmen... oder STERBEN!;;Mi verdadero Padre me ha hablado en sueños y me ha revelado los planes que tiene para mí. El mundo se inclinará ante mi fuerza y la gente aceptará la verdad de [Root.Religion.GetRandomEvilGodName] en sus corazones... ¡o MORIRÁ!;;;;;;;;;x
EVTDESC_SoA_5410;It seems that my interest in Westerosi faiths has come to the attention of one of their practitioners within the realm. We met and have had the most fruitful discussions about theology and other matters.;Il semble que mon intérêt pour les religions de Westeros a capté l'attention d'un de leurs pratiquants au sein du royaume. Nous nous sommes rencontrés et avons eu les discussions les plus intéressantes concernant la théologie et d'autres sujets.;Scheinbar ist mein Interesse am Christentum auf Widerhall im Reich gestoßen. Einer seiner Anhänger suchte mich auf und wir führten ein sehr anregendes Gespräch über die Theologie und andere Dinge.;;Parece que mi interés en la Fe ha llamado la atención de uno de sus practicantes del reino. Nos hemos reunido y hemos mantenido discusiones fructíferas sobre teología y otras cuestiones.;;;;;;;;;x
EVTDESC_SoA_5411;It seems that my interest in the ways of the Drowned God has come to the attention of one of its followerss within the realm. We met and have had the most fruitful discussions about theology and other matters.;Il semble que mon intérêt pour les voies du dieu Noyé a capté l'attention d'un de ses pratiquants au sein du royaume. Nous nous sommes rencontrés et avons eu les discussions les plus intéressantes concernant la théologie et d'autres sujets.;Scheinbar ist mein Interesse am Islam auf Widerhall im Reich gestoßen. Einer seiner Anhänger suchte mich auf und wir führten ein sehr anregendes Gespräch über die Theologie und andere Dinge.;;Parece que mi interés en el Dios Ahogado ha llamado la atención de uno de sus practicantes del reino. Nos hemos reunido y hemos mantenido discusiones fructíferas sobre teología y otras cuestiones.;;;;;;;;;x
EVTDESC_SoA_5412;It seems that my interest in the religions of the East has come to the attention of one of their practitioners within the realm. We met and have had the most fruitful discussions about theology and other matters.;Il semble que mon intérêt pour les religions de l’Est a capté l'attention d'un de leurs pratiquants au sein du royaume. Nous nous sommes rencontrés et avons eu les discussions les plus intéressantes concernant la théologie et d'autres sujets.;Scheinbar ist mein Interesse am heidnischen Glauben auf Widerhall im Reich gestoßen. Einer seiner Anhänger suchte mich auf und wir führten ein sehr anregendes Gespräch über die Theologie und andere Dinge.;;Parece que mi interés en las religiones de Essos ha llamado la atención de uno de sus practicantes del reino. Nos hemos reunido y hemos mantenido discusiones fructíferas sobre teología y otras cuestiones.;;;;;;;;;x
EVTDESC_SoA_5413;It seems that my interest in the Ghiscari Harpy has come to the attention of one of its practitioners within the realm. We met and have had the most fruitful discussions about theology and other matters.;Il semble que mon intérêt pour la Harpie Ghiscari a capté l'attention d'un de ses pratiquants au sein du royaume. Nous nous sommes rencontrés et avons eu les discussions les plus intéressantes concernant la théologie et d'autres sujets.;Scheinbar ist mein Interesse am zoroastrischen Glauben auf Widerhall im Reich gestoßen. Einer seiner Anhänger suchte mich auf und wir führten ein sehr anregendes Gespräch über die Theologie und andere Dinge.;;Parece que mi interés en la Arpía ha llamado la atención de uno de sus practicantes del reino. Nos hemos reunido y hemos mantenido discusiones fructíferas sobre teología y otras cuestiones.;;;;;;;;;x
EVTDESC_SoA_5414;It seems that my interest in the Valyrian religions has come to the attention of one of its practitioners within the realm. We met and have had the most fruitful discussions about theology and other matters.;Il semble que mon intérêt pour les religions valyriennes a capté l'attention d'un de ses pratiquants au sein du royaume. Nous nous sommes rencontrés et avons eu les discussions les plus intéressantes concernant la théologie et d'autres sujets.;Scheinbar ist mein Interesse am jüdischen Glauben auf Widerhall im Reich gestoßen. Einer seiner Anhänger suchte mich auf und wir führten ein sehr anregendes Gespräch über die Theologie und andere Dinge.;;Parece que mi interés en la religión Valyria ha llamado la atención de uno de sus practicantes del reino. Nos hemos reunido y hemos mantenido discusiones fructíferas sobre teología y otras cuestiones.;;;;;;;;;x
EVTDESC_SOA_1053;Most righteous [Root.GetTitledFirstName], the Warrior's Sons needs more castles in order to train troops and generate a supporting income. It has come to my attention that there is a suitable location in your demesne - in [FromFrom.GetName] to be specific. I am willing to pay you handsomely in exchange for the right to construct a fortress there.\nRegards,\n\n [From.GetTitledFirstName];Très juste [Root.GetTitledFirstName], les Fils du Guerrier ont besoin de nouveaux châteaux afin de lever des troupes et de générer le revenu nécessaire à leur fonctionnement. Il m'est apparu que vous possédiez un emplacement approprié sur votre domaine, en [FromFrom.GetName] pour être précis. Je suis disposé à vous payer grassement en échange du droit d'y construire une forteresse.\Respectueusement,\n\n [From.GetTitledFirstName];Hochwohlgeborener [Root.GetTitledFirstName], der Orden braucht weitere Burgen zur Ausbildung von Truppen und zur Erzeugung von Einnahmen. Ich habe erfahren, dass es in Eurem Reich einen geeigneten Standort gibt - nämlich in [FromFrom.GetName]. Ich will Euch 100 Gold zahlen für das Recht, dort eine Festung zu errichten.\nDer Friede des Herrn sei mit Euch!\n\nGroßmeister [From.GetFirstName];;Mi justo [Root.GetTitledFirstName],Los Hijos del Guerrero necesitan más castillos para entrenar tropas y obtener ingresos para sostenerse. Ha llegado a mi conocimiento que hay un lugar adecuado en su heredad, en [FromFrom.GetName] para ser más precisos. Estoy dispuesto a pagarle 100 oros a cambio del derecho a construir allí una fortaleza.\nSaludos,\n\n[From.GetFirstName];;;;;;;;;x
EVTDESC_SOA_1054;The Warrior's Sons have constructed a castle in [Root.GetName]!;Les Fils du Guerrier ont édifié un château à [Root.GetName] !;Die Tempelritter haben in [Root.GetName] eine Burg errichtet!;;¡Los Hijos del Guerrero han construido un castillo en [Root.GetName]!;;;;;;;;;x
EVTDESC_SOA_1153;Most righteous [Root.GetTitledFirstName], the Poor Fellows needs more castles in order to defend the Faith against the unpious. It has come to my attention that there is a suitable location in your demesne - in [FromFrom.GetName] to be specific. I am willing to pay you handsomely in exchange for the right to construct a fortress there.\nRegards,\n\n[From.GetTitledFirstName];Très juste [Root.GetTitledFirstName], les Pauvres Compagnons ont besoin de nouveaux châteaux afin de défendre la Foi contre les infidèles. Il m'est apparu que vous possédiez un emplacement approprié sur votre domaine, en [FromFrom.GetName] pour être précis. Je suis disposé à vous payer grassement en échange du droit d'y construire une forteresse.\nRespectueusement,\n\n[From.GetTitledFirstName];Mein lieber [Root.GetTitledFirstName], der Orden benötigt weitere Burgen zur Ausbildung von Truppen und zur Erzeugung von Einnahmen. Ich bin bereit, Euch Eure Schulden zu erlassen, wenn Ihr uns gestattet, in [FromFrom.GetName] eine Burg zu errichten. Der Friede des Herrn sei mit Euch!\n\nGroßmeister [From.GetFirstName];;Mi justo [Root.GetTitledFirstName], los Clérigos Humildes necesitan más castillos para defender a la Fe de los impíos. Ha llegado a mi conocimiento que hay un lugar adecuado en su heredad, en [FromFrom.GetName] para ser más precisos. Estoy dispuesto a pagarle 100 oros a cambio del derecho a construir allí una fortaleza.\nSaludos,\n\n[From.GetFirstName];;;;;;;;;x
EVTDESC_SOA_1154;The Poor Fellows have constructed a castle in [Root.GetName]!;Les Pauvres Compagnons ont édifié un château à [Root.GetName] !;Die Johanniter haben in [Root.GetName] eine Burg errichtet!;;¡Los Clérigos humildes han construido un castillo en [Root.GetName]!;;;;;;;;;x
investiture_law;Faith Authority;Autorité de la Foi;;;Autoridad de la Fe;;;;;;;;;x
investiture_law_desc;This law determines what powers the High Septon and the Faith holds within the realm;Cette loi détermine l'influence du Grand Septon et de la Foi dans la royaume.;;;Esta ley determina la influencia del Septón Supremo y de la Fe en el Reino.;;;;;;;;;x
investiture_law_0;Minimum Faith Authority;Autorité de la Foi minimum;;;Autoridad de la Fe mínima;;;;;;;;;x
investiture_law_0_option;Min;Min;;;Mínima;;;;;;;;;x
investiture_law_0_desc;The High Septon has very little power within the realm, lacking authority to even appoint his own Septons.;Le Grand Septon a une puissance limitée au sein du royaume, n'ayant pas même l'autorité nécessaire pour nommer ses propres septons.;;;El Septón Supremo tiene muy poco poder en el Reino, careciendo de la autoridad necesaria para nombrar a sus propios septones.;;;;;;;;;x
investiture_law_1;Low Faith Authority;Autorité de la Foi basse;;;Autoridad de la Fe baja;;;;;;;;;x
investiture_law_1_option;Low;Basse;;;Baja;;;;;;;;;x
investiture_law_1_desc;The High Septon has some power within the realm, but due to lack of an armed force is largely a figurehead.;Le Grand Septon a quelques pouvoirs dans le royaume, mais sans force armée il son autorité demeure symbolique.;;;El Septón Supremo tiene algunos poderes en el Reino. Pero sin fuerza armada su autoridad es más bien simbólica.;;;;;;;;;x
CHURCH_INVESTITURE;Only the High Septon may appoint Septons\n;Seul le Grand Septon peut nommer les septons\n;;;Sólo el Septón Supremo puede nombrar septones\n;;;;;;;;;x
FREE_INVESTITURE;Any liege lord may appoint Septons\n;N'importe quel seigneur peut nommer les septons\n;;;Cualquier Señor puede nombrar septones\n;;;;;;;;;x
centralization_desc;The kings and emperors of the known world fought a constant battle with their bannermen over privileges, rights and obligations. The nobility, naturally, tended to favor a weak state...;Les rois et empereurs du monde connu se battaient constamment contre leurs bannerets sur des questions de privilèges, de droits et d’obligations. La noblesse, naturellement, tendait à favoriser un État faible...;Kaiser und Könige des Mittelalters waren mit ihren Vasallen in ständige Streitereien über Privilegien, Rechte und Verpflichtungen verstrickt. Der Adel bevorzugte natürlich einen schwächeren Staat ...;;Los reyes y los emperadores del mundo conocido lucharon constantemente contra sus vasallos por sus privilegios, derechos y obligaciones. La nobleza, lógicamente, suele preferir un estado débil...;;;;;;;;;x
centralization_2_desc;The powers of the nobility and the monarch are in precarious balance. Vassals can no longer ignore their liege's calls for peace with impunity.;Les pouvoirs de la noblesse et du monarque répondent à un équilibre précaire. Les vassaux ne peuvent plus ignorer impunément les appels à la paix de leur suzerain.;Die Macht des Adels und des Monarchen liegen in einem prekären Gleichgewicht. Vasallen können keine Privatkriege innerhalb des Reichs führen.;;Los poderes de la nobleza y el monarca se encuentran en equilibrio precario. Los vasallos ya no pueden ignorar impunemente las llamadas a la paz de parte de su Señor.;;;;;;;;;x
EVTDESCA_WOL_11006;Your duel against [FromFrom.GetTitledFirstNameWithDynastyAndTitleNoRegnal] has ended. The fight is fierce from the start and the sounds of metal crashing together overtakes the murmur of the crowd watching the fight. The fight raged on for a while with no clear advantage to either you nor your opponent until you managed to parry [FromFrom.GetTitledFirstName]'s blade and deliver a powerful finishing blow against [FromFrom.GetHerHis] defenseless body.  [FromFrom.GetSheHeCap] has been slain by your hand.;Votre duel contre [FromFrom.GetTitledFirstNameWithDynastyAndTitleNoRegnal] est terminé. Le combat était acharné dès les premières passes, le choc des épées résonnant et couvrant les murmures des spectateurs. L'affrontement s’est poursuivi ainsi pendant un certain temps de manière équilibrée jusqu'au moment où vous avez réussi à parer la lame de [FromFrom.GetTitledFirstNameWithDynastyAndTitleNoRegnal] et l’avez achevé d’un coup aussi puissant imparable. [FromFrom.GetSheHeCap] est mort(e) de votre main.;Der Tag Eures Duells mit [opponent.GetTitledFirstNameWithDynastyAndTitleNoRegnal] ist gekommen. Der Kampf wird von Anfang an erbittert geführt und das Geräusch von aufeinanderklirrendem Metall übertönt das Gemurmel der Menge, die dem Kampf zusieht. Der wilde Kampf wogt eine Weile lang hin und her, wobei weder Ihr noch Euer Gegner einen klaren Vorteil erzielen könnt. Dann endlich könnt Ihr das Schwert von [opponent.GetTitledFirstNameWithDynastyAndTitleNoRegnal] parieren und versetzt [opponent.GetHerHis] nun ungeschützten Waffenarm einen mächtigen Hieb. [opponent.GetSheHeCap] lässt die Waffe fallen und schreit vor Schmerz auf, während [opponent.GetSheHe] auf den aufgeschlitzten Arm herabsieht.;;Ha llegado el día de tu duelo contra [FromFrom.GetTitledFirstNameWithDynastyAndTitleNoRegnal]. El combate es feroz desde el principio y el sonido de las espadas chocando una con otra sobrepasa el murmullo de los espectadores. El enfrentamiento continúa durante un tiempo sin ninguna ventaja clara ni para ti ni para tu oponente hasta que consigues parar la hoja de [FromFrom.GetTitledFirstNameWithDynastyAndTitleNoRegnal] y lanzas un poderoso tajo contra su indefenso brazo del arma. Él deja caer su arma al suelo y grita de dolor mientras se mira el brazo destrozado.;;;;;;;;;x
EVTDESCB_WOL_11006;The duel against [FromFrom.GetTitledFirstNameWithDynastyAndTitleNoRegnal] has finished. A small crowd had gathered to watch your fight of honor and glory. [FromFrom.GetTitledFirstNameWithDynastyAndTitleNoRegnal] started aggressively and threw attacks at you which you managed to dodge and block. Over time you gained the advantage while your opponent became more and more fatigued. Finally you feinted a high attack and [FromFrom.GetTitledFirstNameWithDynastyAndTitleNoRegnal] failed to block your strike which struck [FromFrom.GetHerHim] in the leg. Your opponent laid down [FromFrom.GetHerHis] weapon and yielded.;Le jour de votre duel contre [FromFrom.GetTitledFirstNameWithDynastyAndTitleNoRegnal] est arrivé. Votre duel contre [FromFrom.GetTitledFirstNameWithDynastyAndTitleNoRegnal] est terminé. Une petite foule s’était assemblée pour vous voir défendre votre honneur et votre gloire. [FromFrom.GetTitledFirstNameWithDynastyAndTitleNoRegnal] a effectué quelques attaques agressives que vous êtes parvenu(e) à esquiver et à parer. Le temps passant, vous avez pris l'avantage tandis que votre adversaire s'épuisait de plus en plus. Vous avez finalement feint une attaque haute que [FromFrom.GetTitledFirstNameWithDynastyAndTitleNoRegnal] n’est pas parvenu(e) à deviner et qui l'a atteint à la jambe. Votre adversaire a lâché son arme en signe d'abandon.;Der Tag Eures Duells mit [opponent.GetTitledFirstNameWithDynastyAndTitleNoRegnal] ist gekommen. Eine kleine Gruppe an Zuschauern hat sich eingefunden, um Euren Kampf um Ehre und Ruhm zu beobachten. [opponent.GetTitledFirstNameWithDynastyAndTitleNoRegnal] beginnt den Kampf mit aggressiven Angriffen, denen ihr ausweichen oder die ihr parieren könnt. Mit der Zeit gewinnt Ihr die Oberhand, während Euer Gegner immer mehr ermüdet. Schließlich täuscht Ihr einen hoch geführten Angriff vor und [opponent.GetTitledFirstNameWithDynastyAndTitleNoRegnal] schafft es nicht, Euren Hieb abzuwehren, der das Bein trifft. Euer Gegner legt die Waffe nieder und gibt auf.;;Ha llegado el día de tu duelo contra [FromFrom.GetTitledFirstNameWithDynastyAndTitleNoRegnal]. Una pequeña multitud se ha reunido para ver defender tu honor y gloria. [FromFrom.GetTitledFirstNameWithDynastyAndTitleNoRegnal] empieza agresivo y lanza ataques que consigues esquivar y bloquear. Con el tiempo tomas ventaja mientras que tu oponente se va fatigando más y más. Finalmente fintas un ataque alto que [FromFrom.GetTitledFirstNameWithDynastyAndTitleNoRegnal] no consigue bloquear y que le golpea en la pierna. Tu oponente baja su arma en señal de rendición.;;;;;;;;;x
EVTOPTA_WOL_11006;I walk away as victor!;Je m'en vais triomphant.;Geht als Sieger vom Platz.;;Me voy como el vencedor.;;;;;;;;;x
EVTDESCA_WOL_11007;You stepped up to your opponent, [From.GetTitledFirstNameWithDynastyAndTitleNoRegnal], in the duel and raised your blade. The fight was intense from the start as both of you striked hard into the others blade. It is unclear who would walk out of this victoriously for a long while until your blades got parried to the opposite side of your weapon arm which yielded [From.GetTitledFirstNameWithDynastyAndTitleNoRegnal] an opportunity at your defenseless arm. The pain went through your whole body as your opponents blade dug deep into your arm and you screamed louder than a furious bear, but the duel was nonetheless lost.;Vous vous êtes approché(e) de votre adversaire, [From.GetTitledFirstNameWithDynastyAndTitleNoRegnal], et avez levé votre épée. Le combat était intense dès les premières passes et les lames s'entrechoquaient avec violence. On peinait à deviner qui allait sortir vainqueur de l'affrontement, quand soudain [From.GetTitledFirstNameWithDynastyAndTitleNoRegnal] a paré une de vos attaques qui a laissé votre bras à découvert. La douleur a envahi votre corps tout entier lorsque la lame a plongé profondément dans votre bras et vous avez hurlé plus fort qu'un ours en furie. Mais c’était inutile, le combat était perdu pour vous.;Ihr tretet im Duell vor Euren Gegner, [From.GetTitledFirstNameWithDynastyAndTitleNoRegnal], und erhebt Euer Schwert. Der Kampf wird von Anfang an erbittert geführt, während ihr die Klingen schwer aufeinanderprallen lasst. Lange Zeit bleibt unklar, wer als Sieger hervorgehen wird, bis der Gegner Euer Schwert von Eurem Waffenarm wegpariert. Dadurch ergibt sich für [From.GetTitledFirstNameWithDynastyAndTitleNoRegnal] eine Gelegenheit, Euren ungeschützten Arm anzugreifen. Der Schmerz fährt durch Euren ganzen Körper, als Euer Gegner die Klinge tief in Euren Arm bohrt. Ihr schreit lauter als ein wütender Bär, aber Ihr habt das Duell trotzdem verloren.;;Te acercas a [From.GetTitledFirstNameWithDynastyAndTitleNoRegnal], tu rival del duelo y levantas tu espada. La lucha es intensa desde el principio ya que los dos golpeáis con fuerza la hoja del otro. Durante mucho tiempo no está claro quien saldrá victorioso del enfrentamiento, cuando de repente [From.GetTitledFirstNameWithDynastyAndTitleNoRegnal] para uno de tus ataques, y deja tu brazo al descubierto. El dolor te atraviesa el cuerpo entero cuando la hoja de tu rival se entierra profundamente en tu brazo y gritas más alto que un oso furioso, pero es inútil, el duelo está perdido.;;;;;;;;;x
EVTOPTD_WoL_5203;Stranger;Etranger;;;Desconocido;;;;;;;;;x
EVTOPTE_WoL_5203;Storm God;Dieu des Tornades;;;Dios de la Tormenta;;;;;;;;;x
EVTOPTF_WoL_5203;Great Other;Grand Autre;;;Gran Otro;;;;;;;;;x
EVTOPTG_WoL_5203;Other;Autre;;;Otro;;;;;;;;;x
EVTOPTD_WoL_5221;Stranger, catch!;Etranger, piégé !;;;Desconocido, toma!;;;;;;;;;x
EVTOPTE_WoL_5221;Storm God, catch!;Dieu des Tornades, piégé !;;;Dios de la Tormenta, toma!;;;;;;;;;x
EVTOPTF_WoL_5221;Great Other, catch!;Grand Autre, piégé !;;;Gran Otro, toma!;;;;;;;;;x
EVTOPTG_WoL_5221;Other, catcher!;Autre, piégé !;;;Otro, toma!;;;;;;;;;x
EVTOPTF_WoL_5290;A pyramid for Stranger!;Une pyramide pour l'Etranger !;;;Una pirámide para el Desconocido!;;;;;;;;;x
EVTOPTG_WoL_5290;A pyramid for Storm God!;Une pyramide pour le Dieu des Tornades !;;;Una pirámide para el Dios de la Tormenta!;;;;;;;;;x
EVTOPTH_WoL_5290;A pyramid for Great Other!;Une pyramide pour le Grand Autre !;;;Una pirámide para el Gran Otro!;;;;;;;;;x
EVTOPTI_WoL_5290;A pyramid for Other!;Une pyramide pour l'Autre !;;;Una pirámide para el Otro!;;;;;;;;;x
EVTDESC_WoL_6330;The studies you have conducted in your observatory have convinced you that there are many strange things beyond the known cosmos. There are few sources and no one to share knowledge with you, however. But you have heard of a strange old Maester at The Citadel who is rumored to possess vast knowledge of the weird.;Les études que vous avez menées dans votre observatoire vous ont convaincu du grand nombre de choses étranges et inconnues dans le ciel. Cependant, les sources sont minces et vous ne trouvez personne pour échanger à ce sujet. Mais vous avez entendu parler d'un étrange vieux mestre de la Citadelle dont on dit qu'il posséderait de vastes connaissances sur les phénomènes étranges.;Die Studien in Eurem Observatorium haben Euch überzeugt, dass es jenseits des bekannten Kosmos viel Merkwürdiges gibt. Es gibt jedoch kaum Quellenmaterial und niemanden, mit dem Ihr Euer Wissen teilen könnt. Wie es heißt, soll es jedoch in der arabischen Wüste einen kauzigen alten Gelehrten geben, der großes Wissen über merkwürdige Phänomene besitzt.;;Los estudios que has llevado a cabo en tu observatorio te han convencido de que hay muchas cosas extrañas y desconocidas en el cielo. Existen pocas fuentes y no hay nadie que comparta conocimientos contigo. Pero has oído que existe un viejo maestre en la Ciudadela del que dicen posee vastos conocimientos de fenómenos desconocidos.;;;;;;;;;x
EVTDESC_WoL_6331;You arrive at the abode of the strange old Maester Vaellyn. After some persuasion, he invites you in. You speak at length, and he tells of you of the Archmaester Tothmure, who knew many things of the strange spheres beyond and of talking beings that are not human. You find out that Tothmure the Mad wrote a book called the Necronomicon, in which he recorded many strange and ungodly truths. Vaellyn says that as he is impressed by your sincerity and desire for knowledge, he can sell you a copy of the book. He tells you to beware, however, as too much intense study of the Necronomicon is said to drive the reader insane...;Vous parvenez à la demeure de l'étrange vieux mestre que l'on appelle Vaellyn. Vous le persuadez de vous faire entrer, et vous discutez longuement de l’archimestre Tothmure, qui connaissait bien des choses sur les étranges sphères de l'au-delà, et qui parlait d'êtres qui n'étaient pas humains. Vous apprenez que Tothmure a écrit un livre du nom de Necronomicon, dans lequel il a consigné un grand nombre de vérités étranges et impies. Vaellyn se déclare impressionné par votre sincérité et par votre soif de connaissance, et se dit prêt à vous vendre un exemplaire du livre en question. Il vous met cependant en garde : une étude trop poussée du Necronomicon peut rendre fou...;Ihr seid bei der Behausung des kauzigen alten Gelehrten Ibrahim angekommen. Dank Eurer Überredungskünste lädt er Euch in seine Wohnung ein. Ihr führt ein langes Gespräch, und er erzählt Euch von dem Gelehrten Abdul dem Irren, der viele Dinge über die seltsamen jenseitigen Sphären wusste und die sprechenden Wesen kannte, die nicht menschlichen Ursprungs sind. Ihr erfahrt, dass Abdul der Irre ein Buch namens Necronomicon verfasste, in dem er viele seltsame und gottlose Wahrheiten zu Papier brachte. Ibrahim sagt, dass Eure Aufrichtigkeit und Euer Streben nach Wissen ihn beeindrucken würden und er Euch ein Exemplar des Buches verkaufen könnte. Er warnt Euch jedoch, da es heißt, dass ein allzu intensives Studium des Necronomicons den Leser in den Wahnsinn treiben würde...;;Llegas a la morada del viejo maestre llamando Vaellyn. Tras cierta persuasión, te invita a pasar. Habláis detenidamente, y te cuenta sobre el maestre Tothmure, que sabía muchas cosas sobre las extrañas esferas del más allá y que habalaba con seres que no eran humanos. Descubres que Tothmure escribió un libro llamado el Necronomicón, en el cual registró muchas verdades extrañas y profanas. Vaellyn, dice estar impresionado por tu sinceridad y deseo de conocimiento, y se muestra dispuesto a venderte un ejemplar del libro. Pero te aconseja tener cuidado, pues el estudio intenso del Necronomicón puede volver loco a su lector.;;;;;;;;;x
EVTDESC_WoL_7000_non_unref_pagan;There are many mysteries in the [Root.Religion.GetName] religion. It might be interesting to spend some time delving into the old texts of  [Root.Religion.GetScriptureName].;La religion [Root.Religion.GetName] regorge de mystères. Les vieux textes du/de [Root.Religion.GetScriptureName] méritent une étude approfondie.;Die Religion [Root.Religion.GetName] bietet viele Mysterien. Es könnte sinnvoll sein, die alten Texte von [Root.Religion.GetScriptureName] intensiv zu studieren.;;Hay muchos misterios en la fe [Root.Religion.GetName]. Podría ser interesante pasar algún tiempo ahondando en los viejos textos de [Root.Religion.GetScriptureName].;;;;;;;;;x
EVTDESC_WoL_7000_unref_pagan;There are many mysteries in the [Root.Religion.GetName] religion. It might be interesting to listen more to the ancient stories told by the [Root.Religion.GetPriestTitle]s.;La religion [Root.Religion.GetName] regorge de mystères. Il pourrait être intéressant d'étudier les vieilles histoires racontées par les [Root.Religion.GetPriestTitle]s.;Die Religion [Root.Religion.GetName] bietet viele Mysterien. Es könnte sinnvoll sein, sich intensiver mit den uralten Geschichten, die mündlich überliefert werden, zu befassen.;;Hay muchos misterios de la fe [Root.Religion.GetName]. Podría ser interesante escuchar las historias antiguas que cuenta el [Root.Religion.GetPriestTitle].;;;;;;;;;x
EVTOPTA_WOL_306;I seek new conquests!;Je cherche de nouvelles conquêtes !;;;Busco nuevas conquistas!;;;;;;;;;x
EVTDESC_WOL_1035;[From.GetTitledFirstNameNoRegnal] has accepted your challenge to a duel!;[From.GetTitledFirstNameNoRegnal] accepté votre provocation en duel;;;[From.GetTitledFirstNameNoRegnal] ha aceptado tu desafío a un duelo!;;;;;;;;;x
EVTOPTA_WOL_1035;I will restore my honour!;Je vais laver mon honneur !;;;Restauraré mi honor!;;;;;;;;;x
EVTDESC_WOL_1036;After a few probing exchanges, I realized that [FromFrom.GetTitledFirstNameNoRegnal] was no master of the blade. I defeated [FromFrom.GetObjectPronoun] easily, proving [FromFrom.GetPossPronoun] guilt, and that of my spouse [wol_lover_duel_spouse.GetFirstName]...;Après quelques passes d'essai j'ai vite remarqué que [FromFrom.GetTitledFirstNameNoRegnal] était loin d'être un maître épéiste. Je l'ai vaincu facilement, prouvant ainsi sa culpabilité et celle de mon/ma époux(se) [wol_lover_duel_spouse.GetFirstName]...;Nach einigen Hieben stellte ich fest, dass [FromFrom.GetTitledFirstNameNoRegnal] kein Meister des Schwertes ist. Ich besiegte [FromFrom.GetObjectPronoun] leicht und bewies [FromFrom.GetPossPronoun] Schuld und die meiner/s [GetFromFromFromFromRelation] [FromFromFromFrom.GetFirstName]...;;Tras unos intercambios de prueba, me di cuenta que [FromFrom.GetTitledFirstNameNoRegnal] no era ningún maestro con la espada. Le derroté fácilmente, demostrando su culpabilidad y la de mi esposa [wol_lover_duel_spouse.GetFirstName]...;;;;;;;;;x
EVTDESC_WOL_1036_WOUND;The duel with [FromFrom.GetTitledFirstNameNoRegnal] was hard fought, but in the end I proved the better [Root.GetManWoman]. Though [FromFrom.GetSubjectPronoun] managed to cut me, I have proven [FromFrom.GetPossPronoun] guilt, and that of my spouse [wol_lover_duel_spouse.GetFirstName].;Le duel contre [FromFrom.GetTitledFirstNameNoRegnal] était rude, mais j'en suis sorti vainqueur. Bien qu'il soit parvenu à me blesser, j'ai prouvé sa culpabilité, et celle de mon/ma époux(se) [wol_lover_duel_spouse.GetFirstName].;Das Duell mit [FromFrom.GetTitledFirstNameNoRegnal] war erbittert, aber am Ende zeigte sich, dass ich der/die bessere [Root.GetManWoman] bin. Obwohl [FromFrom.GetSubjectPronoun] mich verletzen konnte, habe ich [FromFrom.GetPossPronoun] Schuld bewiesen und die von meiner/m [GetFromFromFromFromRelation] [FromFromFromFrom.GetFirstName].;;El duelo con [FromFrom.GetTitledFirstNameNoRegnal] fue una dura pelea, pero al final demostré ser el mejor [Root.GetManWoman]. Aunque logró herirme, demostré su culpabilidad y la de mi esposa [wol_lover_duel_spouse.GetFirstName].;;;;;;;;;x
EVTDESC_WOL_1036_MAIM;[FromFrom.GetTitledFirstNameNoRegnal] proved to be a formidable opponent. Though I won in the end, I lost three fingers and took several wounds in the process. I have proven [FromFrom.GetPossPronoun] guilt, and that of my spouse [wol_lover_duel_spouse.GetFirstName]!;[FromFrom.GetTitledFirstNameNoRegnal] s'est révélé être un adversaire redoutable. Malgré ma victoire, j'ai perdu trois doigts et j'ai reçu plusieurs blessures sur le torse. J'ai néanmoins prouvé sa culpabilité et celle de mon/ma époux(se) [wol_lover_duel_spouse.GetFirstName]!;[FromFrom.GetTitledFirstNameNoRegnal] hat sich als starker Gegner entpuppt. Auch wenn ich letztlich siegreich war, wurde ich im Kampf mehrfach verwundet und verlor drei Finger. Ich habe [FromFrom.GetPossPronoun] Schuld bewiesen und die meiner/s [GetFromFromFromFromRelation] [FromFromFromFrom.GetFirstName]!;;[FromFrom.GetTitledFirstNameNoRegnal] demostró ser un oponente formidable. Aunque al final gané, perdí tres dedos y recibí varias heridas. He demostrado su culpabilidad y la de mi esposa [wol_lover_duel_spouse.GetFirstName]! ;;;;;;;;;x
EVTDESC_WOL_1039;After a few probing exchanges, I realized that [FromFrom.GetTitledFirstNameNoRegnal] was no master of the blade. I defeated [FromFrom.GetObjectPronoun] easily, proving my innocence and that of [wol_lover_duel_spouse.GetFirstName].;Après quelques passes d'essai curieux, j'ai vite remarqué que [FromFrom.GetTitledFirstNameNoRegnal] était loin d'être un maître épéiste. Je l'ai vaincu facilement, prouvant ainsi mon innocence et celle de [wol_lover_duel_spouse.GetFirstName].;Nach einigen Hieben stellte ich fest, dass [FromFrom.GetTitledFirstNameNoRegnal] kein Meister des Schwertes ist. Ich besiegte [FromFrom.GetObjectPronoun] leicht und bewies meine Unschuld und die meiner/s [GetFromFromFromFromRelation] [FromFromFromFrom.GetFirstName].;;Tras unos intercambios de prueba, me di cuenta que [FromFrom.GetTitledFirstNameNoRegnal] no era ningún maestro con la espada. Le derroté fácilmente, demostrando mi inocencia y la de [wol_lover_duel_spouse.GetFirstName]...;;;;;;;;;x
EVTDESC_WOL_1039_WOUND;The duel with [From.GetTitledFirstNameNoRegnal] was hard fought, but in the end I proved the better [Root.GetManWoman]. Though [From.GetSubjectPronoun] managed to cut me, I have proven my innocence and that of [wol_lover_duel_spouse.GetFirstName].;Le duel contre [From.GetTitledFirstNameNoRegnal] était rude, mais j'en suis sorti vainqueur. Bien qu'il soit parvenu à me blesser, j'ai prouvé mon innocence, et celle de [wol_lover_duel_spouse.GetFirstName].;Das Duell mit [FromFrom.GetTitledFirstNameNoRegnal] war erbittert, aber am Ende zeigte sich, dass ich überlegen war. Obwohl [FromFrom.GetSubjectPronoun] mich verletzen konnte, habe ich meine Unschuld bewiesen und die meiner/s [GetFromFromFromFromRelation] [FromFromFromFrom.GetFirstName].;;El duelo con [FromFrom.GetTitledFirstNameNoRegnal] fue una dura pelea, pero al final demostré ser el mejor [Root.GetManWoman]. Aunque logró herirme, demostré mi inocencia y la de [wol_lover_duel_spouse.GetFirstName].;;;;;;;;;x
EVTDESC_WOL_1039_MAIM;[From.GetTitledFirstNameNoRegnal] proved to be a formidable opponent. Though I won in the end, I lost three fingers and took several wounds in the process. I have proven my innocence and that of [wol_lover_duel_spouse.GetFirstName]!;[From.GetTitledFirstNameNoRegnal] s'est avéré être un adversaire redoutable. Malgré ma victoire, j'ai perdu trois doigts et j'ai subi plusieurs blessures sur le torse. J'ai prouvé mon innocence, et celle de mon/ma [GetFromFromFromFromRelation] [FromFromFromFrom.GetFirstName] !;[FromFrom.GetTitledFirstNameNoRegnal] hat sich als starker Gegner entpuppt. Auch wenn ich letztlich siegreich war, wurde ich im Kampf mehrfach verwundet und verlor drei Finger. Ich habe meine Unschuld bewiesen und die meiner/s [GetFromFromFromFromRelation] [FromFromFromFrom.GetFirstName]!;;[FromFrom.GetTitledFirstNameNoRegnal] demostró ser un oponente formidable. Aunque al final gané, perdí tres dedos y recibí varias heridas. He demostrado mi inocencia y la de [wol_lover_duel_spouse.GetFirstName]! ;;;;;;;;;x
EVTDESC_WOL_1040;My valiant [From.GetRootRelation] [From.GetTitledFirstNameNoRegnal] defeated my brutish [FromFromFrom.GetRootRelation] [FromFromFrom.GetFirstName] in a duel, thus proving our innocence.;Mon vaillant [From.GetRootRelation] [From.GetTitledFirstNameNoRegnal], a vaincu mon [FromFrom.GetRootRelation] [FromFrom.GetFirstName] en duel, prouvant ainsi notre innocence.;Mein/e heldenhafte/r [From.GetRootRelation] [From.GetTitledFirstNameNoRegnal] hat meine/n [FromFrom.GetRootRelation] [FromFrom.GetFirstName], den Barbaren, im Duell besiegt und unsere Unschuld bewiesen.;;Mi valiente [From.GetRootRelation] [From.GetTitledFirstNameNoRegnal] ha derrotado a mi salvaje [FromFrom.GetRootRelation] [FromFrom.GetFirstName] en un duelo, demostrando así nuestra inocencia.;;;;;;;;;x
EVTDESC_WOL_1040_WOUND;My valiant [From.GetRootRelation] [From.GetTitledFirstNameNoRegnal] defeated and wounded my brutish [FromFromFrom.GetRootRelation] [FromFromFrom.GetFirstName] in a duel, thus proving our innocence.;Mon vaillant [From.GetRootRelation] [From.GetTitledFirstNameNoRegnal], a vaincu et blessé mon [FromFromFrom.GetRootRelation] [FromFromFrom.GetFirstName] en duel, prouvant ainsi notre innocence.;Mein/e heldenhafte/r [From.GetRootRelation] [From.GetTitledFirstNameNoRegnal] hat meine/n [FromFrom.GetRootRelation] [FromFrom.GetFirstName], den Barbaren, im Duell besiegt und verwundet und unsere Unschuld bewiesen.;;Mi valiente [From.GetRootRelation] [From.GetTitledFirstNameNoRegnal] ha derrotado y herido a mi salvaje [FromFrom.GetRootRelation] [FromFrom.GetFirstName] en un duelo, demostrando así nuestra inocencia.;;;;;;;;;x
EVTDESC_WOL_1040_MAIM;My [From.GetRootRelation] [From.GetTitledFirstNameNoRegnal] defeated my [FromFromFrom.GetRootRelation] [FromFromFrom.GetFirstName] in a duel, cutting off [FromFromFrom.GetHerHis] hand in the process. Our innocence has been proven.;Mon vaillant [From.GetRootRelation] [From.GetTitledFirstNameNoRegnal], a terrassé mon [FromFromFrom.GetRootRelation] [FromFromFrom.GetFirstName] en duel, lui coupant la main pendant l'affrontement, prouvant ainsi notre innocence.;Mein/e [From.GetRootRelation] [From.GetTitledFirstNameNoRegnal] hat meinen [FromFrom.GetRootRelation] [FromFrom.GetFirstName] im Duell besiegt und ihm dabei die Hand abgeschlagen. Unsere Unschuld ist damit bewiesen.;;Mi [From.GetRootRelation] [From.GetTitledFirstNameNoRegnal] derrotó a mi [FromFromFrom.GetRootRelation] [FromFromFrom.GetFirstName] en un duelo, cortando su mano. Se ha demostrado nuestra inocencia.;;;;;;;;;x
EVTDESC_WOL_1040_DEATH;My [From.GetRootRelation] [From.GetTitledFirstNameNoRegnal] defended our honor by slaying my [FromFromFrom.GetRootRelation] [FromFromFrom.GetFirstName] in a duel. Our innocence has been proven.;Mon [From.GetRootRelation] [From.GetTitledFirstNameNoRegnal] a défendu notre honneur en tuant mon [FromFromFrom.GetRootRelation] [FromFromFrom.GetFirstName] en duel. Notre innocence a été prouvée.;Mein/e [From.GetRootRelation] [From.GetTitledFirstNameNoRegnal] hat unsere Ehre verteidigt und meine/n [FromFrom.GetRootRelation] [FromFrom.GetFirstName] im Duell erschlagen. Unsere Unschuld ist damit bewiesen.;;Mi [From.GetRootRelation] [From.GetTitledFirstNameNoRegnal] defendió nuestro honor matando a mi [FromFrom.GetRootRelation] [FromFrom.GetFirstName] en un duelo. Se ha demostrado nuestra inocencia.--Mi [From.GetRootRelation] [From.GetTitledFirstNameNoRegnal] defendió nuestro honor derrotando a mi [FromFromFrom.GetRootRelation] [FromFromFrom.GetFirstName] en un duelo. Se ha demostrado nuestra inocencia.;;;;;;;;;x
EVTDESC_WOL_10108;Dear [Root.GetTitledFirstName], I've been informed about your ambitions to establish trade operations in our vicinity. I do hope that the lost trade this incursion will result in for the [From.GetTitle.GetFullName] will be made up for.\n\nSigned, \n[From.GetTitledFirstNameWithDynasty];Cher(e) [Root.GetTitledFirstName], on m'a informé de votre projet d'établir des opérations commerciales dans cette région. J'espère que les opportunités commerciales perdues par les [From.GetTitle.GetFullName] en raison de votre incursion seront compensées.\n\nSigné,\[From.GetTitledFirstNameWithDynasty];Oh [Root.GetTitledFirstName], man hat mich über Eure Pläne informiert, in unserer Umgebung Handelsposten einzurichten. Ich hoffe stark, dass [From.GetTitle.GetFullName] für diesen Verlust an Handelsmöglichkeiten, den diese Einmischung nach sich zieht, entschädigt wird.\n\nUnterzeichnet, \n[From.GetTitledFirstName];;Querido[Root.GetTitledFirstName], me han informado sobre tus ambiciones de establecer operaciones comerciales en nuestra vecindad. Espero que la pérdida de comercio que resultará para [From.GetTitle.GetFullName] sea compensado.\n\nFirmado,\n[From.GetTitledFirstNameWithDynasty];;;;;;;;;x
EVTDESCA_WOL_10109;Dear [Root.GetTitledFirstName]. Of course you shall be compensated for our infringement.\n\nSigned, \n[From.GetTitledFirstNameWithDynasty];Cher(e) [Root.GetTitledFirstName], vous recevrez bien évidemment une compensation pour notre intrusion.\n\nSigné,\[From.GetTitledFirstNameWithDynasty];Oh [Root.GetTitledFirstName], natürlich werdet Ihr für unsere Einmischung entschädigt.\n\nUnterzeichnet, \n[From.GetTitledFirstName];;Querido [Root.GetTitledFirstName]. Por supuesto, seréis compensado por nuestra intrusión.\n\nFirmado, \n[From.GetTitledFirstNameWithDynasty];;;;;;;;;x
EVTDESCB_WOL_10109;Dear [Root.GetTitledFirstName]. I understand your concerns but my undertakings are non of your business.\n\nSigned, \n[From.GetTitledFirstNameWithDynasty];Cher(e) [Root.GetTitledFirstName], je comprends votre inquiétude. Cependant, mes plans ne vous concernent pas.\n\nSigné,\[From.GetTitledFirstNameWithDynasty];Oh [Root.GetTitledFirstName], ich habe Verständnis für Eure Bedenken, aber meine Geschäftspläne gehen Euch nichts an .\n\nUnterzeichnet, \n[From.GetTitledFirstName];;Querido [Root.GetTitledFirstName]. Entiendo vuestra preocupación pero mis negocios no son asunto vuestro.\n\nFirmado, \n[From.GetTitledFirstNameWithDynasty];;;;;;;;;x
EVTDESC_WOL_10114;The expedition finally reaches the realm of [From.GetTitledFirstNameWithDynasty]. Your [Root.GetMyTreasurerName] asks you what gift we shall bring forth as a token of friendship to [From.GetTitledFirstName].;L'expédition parvient enfin au royaume de [From.GetTitledFirstNameWithDynasty]. Votre [Root.GetMyTreasurerName] vous demande si vous avez pensé à un cadeau destiné à témoigner votre amitié à [From.GetTitledFirstName].;Die Expedition erreicht zu guter Letzt das Reich von [From.GetTitledFirstName]. Euer Truchsess fragt Euch, mit welchen Gaben wir [From.GetTitledFirstName] beschenken wollen, um unsere freundschaftliche Gesinnung zu unterstreichen.;;La expedición finalmente alcanza el Reino de [From.GetTitledFirstNameWithDynasty]. Tu [Root.GetMyTreasurerName] pregunta qué regalo daremos a [From.GetTitledFirstName] como símbolo de amistad.;;;;;;;;;x
VTDESC_WOL_10116;You notice  [From.GetTitledFirstName]'s face growing red with annoyance as [From.GetSheHe] glares at your [Root.GetMyTreasurerName] munching the dinner with [steward.GetHerHis] bare hands in a barbaric way.;Vous remarquez la face de [From.GetTitledFirstName] virer au cramoisi lorsqu'[From.GetSheHe] voit votre [Root.GetMyTreasurerName] manger avec ses doigts comme un barbare.;Ihr bemerkt, dass das Gesicht von [From.GetTitledFirstNameWithDynastyAndTitleNoRegnal] vor Ärger rot anläuft, als er Eurem Truchsess zornig dabei zusieht, wie er sein Abendessen auf barbarische Weise mit den Fingern verspeist.;;Notas que la cara de [From.GetTitledFirstName] enrojece de irritación mientras mira a tu [Root.GetMyTreasurerName] comiendo la cena con las manos, como un bárbaro.;;;;;;;;;x
EVTOPTA_WOL_10116;[steward.GetTitledFirstNameWithDynastyAndTitleNoRegnal] is paying [steward.GetHerHis] regards to the blessing of [steward.Religion.GetRandomGodName].;[steward.GetTitledFirstNameWithDynastyAndTitleNoRegnal] rend hommage à la bénédiction de [steward.Religion.GetRandomGodName].;[steward.GetTitledFirstNameWithDynastyAndTitleNoRegnal] bittet mit diesem Ritual um den Segen von [steward.Religion.GetRandomGodName].;;[steward.GetTitledFirstNameWithDynastyAndTitleNoRegnal] presenta sus respetos por la bendición de [steward.Religion.GetRandomGodName].;;;;;;;;;x
EVTOPTB_WOL_10116;Please excuse [steward.GetHerHim], I'm trying to raise this street urchin to a civilized life.;Veuillez lui pardonner, j'essaie de lui donner une éducation autre que celle d'un enfant des rues.;Beachtet ihn nicht weiter, ich versuche, dieses Gassenkind zu einem zivilisierten Menschen zu erziehen.;;Por favor, perdonadlo, intento convertir a este golfo callejero en un hombre civilizado.;;;;;;;;;x
EVTDESCA_WOL_10120;As you spend time more and more time discussing with  [From.GetTitledFirstName] you realize that you have a lot more in common than mere business.;Alors que vous passez du temps à discuter avec [From.GetTitledFirstNameWithDynastyAndTitleNoRegnal], vous constatez que vous avez bien plus en commun que des intérêts commerciaux.;Je mehr Zeit Ihr mit [From.GetTitledFirstNameWithDynastyAndTitleNoRegnal] verbringt, desto mehr erkennt Ihr, dass eure Gemeinsamkeiten weit über das rein Geschäftliche hinausgehen.;;Cada vez pasas más tiempo hablando con [From.GetTitledFirstNameWithDynastyAndTitleNoRegnal] y descubres que tenéis mucho más en común que los meros negocios.;;;;;;;;;x
EVTDESCB_WOL_10120;After long hours of discussing the terms of how trade can be sustained you and  [From.GetTitledFirstName] come to a conclusion that you both agree on.;Après de longues heures passées à définir les termes d'un accord commercial, [From.GetTitledFirstNameWithDynastyAndTitleNoRegnal] et vous en arrivez à une conclusion qui vous satisfait tous les deux.;Nachdem ihr mehrere Stunden lang über die Bedingungen diskutiert habt, auf deren Grundlage eine auf Dauer ausgelegte Handelsroute aufgebaut werden kann, habt Ihr und [From.GetTitledFirstNameWithDynastyAndTitleNoRegnal] eine Abmachung getroffen, die euer beider Zustimmung findet.;;Después de largas horas tratando de definir los términos de un acuerdo comercial, [From.GetTitledFirstNameWithDynastyAndTitleNoRegnal] y tú llegáis a una conclusión en la que ambos estáis de acuerdo.;;;;;;;;;x
EVTDESCC_WOL_10120;The negotiations between you and  [From.GetTitledFirstName] suddenly halts when [From.GetSheHe] slams [From.GetHerHis] fist in the table. It seems like [From.GetSheHe] no longer can stand your presence in the room and when you decide to leave [From.GetSheHe] shouts '[GetFromRootInsult]' after you.;Les négociations entre [From.GetTitledFirstName] et vous prennent fin brutalement lorsqu’[From.GetSheHe] frappe du poing sur la table. [From.GetSheHeCap] semble ne plus pouvoir supporter votre présence dans la pièce et lorsque vous décidez de partir, [From.GetSheHe] vous crie « Espèce de [GetFromRootInsultNounAdj] »;Die Verhandlungen zwischen Euch und [From.GetTitledFirstNameWithDynastyAndTitleNoRegnal] kommen zu einem jähen Stillstand, als [From.GetTitledFirstNameWithDynastyAndTitleNoRegnal] mit der Faust auf den Tisch schlägt. Es hat den Anschein, als könne er Eure Gegenwart im Raum nicht länger ertragen. '[GetFromRootInsult]' hört Ihr ihn fluchen, als Ihr hinausgeht.;;Las negociaciones con [From.GetTitledFirstName] se detienen de repente cuando golpea la mesa con el puño. Parece que ya no puede soportar tu presencia en la habitación y cuando decides irte grita '[GetFromRootInsult]' a tu espalda.;;;;;;;;;x
EVTDESC_WoL_5007_stag;On the hunt, you get separated from your party in the wilderness. As you are roaming around and trying to find your bearings, you glimpse something strange in the distance... you ride closer and see a majestic great white stag! As you cautiously approach, it sees you and runs away. You try to follow but are unable to catch up in the difficult terrain.\n\nAs you get back to your party, you find you can't stop thinking about this strange animal.;Pendant la chasse, vous perdez votre groupe de vue et vous vous retrouvez seul dans la nature. Alors que vous essayez de vous repérer, vous entrevoyez quelque chose d'étrange au loin... Vous chevauchez dans sa direction et découvrez un majestueux cerf blanc ! Vous vous approchez doucement, mais la bête vous aperçoit et s'enfuit. Vous tentez de la suivre mais le terrain accidenté vous empêche de la rattraper.\n\nVous rejoignez votre groupe de chasse sans parvenir à chasser l'étrange animal de votre mémoire.;Als Ihr auf der Jagd in der Wildnis von Eurer Jagdgesellschaft getrennt. Beim Versuch die Gruppe wiederzufinden erblickt Ihr in der Ferne etwas Seltsames... Es scheint sich um einen majestätischen weißen Hirschen zu handeln! Doch dann, beim Versuch sich ihm zu nähern, wird er auf Euch aufmerksam und ergreift die Flucht. Ihr versucht, ihn zu verfolgen, könnt ihn aber aufgrund des schwierigen Geländes nicht einholen.\n\nWährend Ihr zur Jagdgesellschaft zurückkehrt, müsst Ihr ständig an dieses seltsame Tier denken.;;Durante la caza, te separas de tus compañeros en el páramo. Mientras das vueltas y tratas de encontrar tu rumbo, vislumbras algo extraño en la distancia… ¡Te acercas cabalgando y ves un majestuoso ciervo blanco! Te acercas cautelosamente, pero la bestia te ve y se escapa. Tratas de seguirlo pero eres incapaz de alcanzarlo en este terreno tan abrupto.\n\nCuando vuelvas con los tuyos, no puedes dejar de pensar en este extraño animal.;;;;;;;;;x
EVTDESC_WoL_5007_bear;On the hunt, you get separated from your party in the wilderness. As you are roaming around and trying to find your bearings, you glimpse something strange in the distance... you ride closer and see a fearsome great white bear! As you cautiously approach, it sees you and runs away. You try to follow but are unable to catch up in the difficult terrain.\n\nAs you get back to your party, you find you can't stop thinking about this strange animal.;Pendant la chasse, vous perdez votre groupe de vue et vous vous retrouvez seul dans la nature. Alors que vous essayez de vous repérer, vous entrevoyez quelque chose d'étrange au loin... Vous chevauchez dans sa direction et découvrez un terrifiant ours blanc ! Vous vous approchez doucement, mais la bête vous aperçoit et s'enfuit. Vous tentez de la suivre mais le terrain accidenté vous empêche de la rattraper.\n\nVous rejoignez votre groupe de chasse sans parvenir à chasser l'étrange animal de votre mémoire.;Auf der Jagd werdet Ihr in der Wildnis von Eurer Jagdgesellschaft getrennt. Beim Versuch die Gruppe wiederzufinden erblickt Ihr etwas Seltsames in der Ferne... Ihr reitet näher heran und seht einen furchterregenden großen weißen Bären! Während Ihr Euch ihm vorsichtig nähert, wird er auf Euch aufmerksam und ergreift die Flucht. Ihr versucht, ihn zu verfolgen, aber aufgrund des schwierigen Geländes könnt Ihr ihn nicht einholen.\n\nWährend Ihr zu Eurer Jagdgesellschaft zurückkehrt, müsst Ihr ständig an dieses seltsame Tier denken.;;Durante la caza, te separas de tus compañeros en el páramo. Mientras das vueltas y tratas de encontrar tu rumbo, vislumbras algo extraño en la distancia… ¡Te acercas cabalgando y ves un majestuoso oso blanco! Te acercas cautelosamente, pero la bestia te ve y se escapa. Tratas de seguirlo pero eres incapaz de alcanzarlo en este terreno tan abrupto.\n\nCuando vuelvas con los tuyos, no puedes dejar de pensar en este extraño animal.;;;;;;;;;x
EVTDESC_WoL_5007_tiger;On the hunt, you get separated from your party in the wilderness. As you are roaming around and trying to find your bearings, you glimpse something strange in the distance... you ride closer and see a fearsome great white tiger! As you cautiously approach, it sees you and runs away. You try to follow but are unable to catch up in the difficult terrain.\n\nAs you get back to your party, you find you can't stop thinking about this strange animal.;Pendant la chasse, vous perdez votre groupe de vue et vous vous retrouvez seul dans la nature. Alors que vous essayez de vous repérer, vous entrevoyez quelque chose d'étrange au loin... Vous chevauchez dans sa direction et découvrez un terrifiant tigre blanc ! Vous vous approchez doucement, mais la bête vous aperçoit et s'enfuit. Vous tentez de la suivre mais le terrain accidenté vous empêche de la rattraper.\n\nVous rejoignez votre groupe de chasse sans parvenir à chasser l'étrange animal de votre mémoire.;Als Ihr auf der Jagd in der Wildnis von Eurer Jagdgesellschaft getrennt. Beim Versuch die Gruppe wiederzufinden erblickt Ihr in der Ferne etwas Seltsames... Es scheint sich um einen majestätischen weißen Tiger zu handeln! Doch dann, beim Versuch sich ihm zu nähern, wird er auf Euch aufmerksam und ergreift die Flucht. Ihr versucht, ihn zu verfolgen, könnt ihn aber aufgrund des schwierigen Geländes nicht einholen.\n\nWährend Ihr zur Jagdgesellschaft zurückkehrt, müsst Ihr ständig an dieses seltsame Tier denken.;;Durante la caza, te separas de tus compañeros en el páramo. Mientras das vueltas y tratas de encontrar tu rumbo, vislumbras algo extraño en la distancia… ¡Te acercas cabalgando y ves un majestuoso tigre blanco! Te acercas cautelosamente, pero la bestia te ve y se escapa. Tratas de seguirlo pero eres incapaz de alcanzarlo en este terreno tan abrupto.\n\nCuando vuelvas con los tuyos, no puedes dejar de pensar en este extraño animal.;;;;;;;;;x
EVTDESC_WoL_5007_lion;On the hunt, you get separated from your party in the wilderness. As you are roaming around and trying to find your bearings, you glimpse something strange in the distance... you ride closer and see a majestic great white lion! As you cautiously approach, it sees you and runs away. You try to follow but are unable to catch up in the difficult terrain.\n\nAs you get back to your party, you find you can't stop thinking about this strange animal.;Pendant la chasse, vous perdez votre groupe de vue et vous vous retrouvez seul dans la nature. Alors que vous essayez de vous repérer, vous entrevoyez quelque chose d'étrange au loin... Vous chevauchez dans sa direction et découvrez un majestueux lion blanc ! Vous vous approchez doucement, mais la bête vous aperçoit et s'enfuit. Vous tentez de la suivre mais le terrain accidenté vous empêche de la rattraper.\n\nVous rejoignez votre groupe de chasse sans parvenir à chasser l'étrange animal de votre mémoire.;Als Ihr auf der Jagd in der Wildnis von Eurer Jagdgesellschaft getrennt. Beim Versuch die Gruppe wiederzufinden erblickt Ihr in der Ferne etwas Seltsames... Es scheint sich um einen majestätischen weißen Löwen zu handeln! Doch dann, beim Versuch sich ihm zu nähern, wird er auf Euch aufmerksam und ergreift die Flucht. Ihr versucht, ihn zu verfolgen, könnt ihn aber aufgrund des schwierigen Geländes nicht einholen.\n\nWährend Ihr zur Jagdgesellschaft zurückkehrt, müsst Ihr ständig an dieses seltsame Tier denken.;;Durante la caza, te separas de tus compañeros en el páramo. Mientras das vueltas y tratas de encontrar tu rumbo, vislumbras algo extraño en la distancia… ¡Te acercas cabalgando y ves un majestuoso león blanco! Te acercas cautelosamente, pero la bestia te ve y se escapa. Tratas de seguirlo pero eres incapaz de alcanzarlo en este terreno tan abrupto.\n\nCuando vuelvas con los tuyos, no puedes dejar de pensar en este extraño animal.;;;;;;;;;x
