RULE_FREEHOLD_INVASIONS;§BJade Dragon:§! Valyrian Invasions;;;;;;;;;;x
RULE_FREEHOLD_INVASIONS_ALL_DESC;Valyria will launch both Tributary wars and Major Invasions. Valyrian Adventurers can spawn.;;;;;;;;;;x
RULE_OPTION_ADVENTURERS_ONLY;Only Adventurers;;;;;;;;;;x
RULE_ADVENTURERS_ONLY_DESC;Valyria can NOT launch Tributary wars or Major Invasions. Valyrian Adventurers can spawn.;;;;;;;;;;x
RULE_OPTION_NO_MAJOR_INVASIONS;No Major Invasions;;;;;;;;;;x
RULE_NO_MAJOR_INVASIONS_DESC;Valyria will launch Tributary wars but will NOT launch Major Invasions. Valyrian Adventurers can spawn.;;;;;;;;;;x
RULE_FREEHOLD_INVASION;Freehold Invasions;;;;;;;;;;;;;x
RULE_FREEHOLD_INVASION_NONE_DESC;The Freehold will never invade Western Essos or Westeros.;;;;;;;;;;;;;x
RULE_FREEHOLD_INTERACTIONS;Freehold Interaction;;;;;;;;;;;;;x
RULE_OPTION_WITHIN_RANGE;Within Range;;;;;;;;;;x
RULE_WITHIN_RANGE_DESC;Only characters within Valyria's Diplomatic Range can use Favor Actions.;;;;;;;;;;x
RULE_OPTION_ANYONE;Anyone;;;;;;;;;;x
RULE_ANYONE_DESC;Any character in the world can use Favor Actions.;;;;;;;;;;x
TXT_FREEHOLD;Freehold;;;;;;;;;;;;;x
freehold_isolationist_effect_desc;§Y*§! Valyria will §YNOT§! declare any wars\n§Y*§! The §YSend Tribute§! and §YRequest Boon§! decisions are §RDisabled§!;;;;;;;;;;;x
freehold_expansionist_effect_desc;§Y*§! Valyria might stage §YMajor Invasions§!;;;;;;;;;;x
freehold_open;Open Borders;;;;;;;;;;;;;x
freehold_stable_effect_desc;§Y*§! Imperial Tributaries can raise Valyrian Regiments to help them in wars. Because of this stability the Archon is more likely to deal with outsiders and is currently enjoying a time of peace and prosperity.;;;;;;;;;;;;;x
freehold_open_desc;The borders of the Freehold are currently open and the Archon welcomes outsiders to deal with him.;;;;;;;;;;;;;x
freehold_open_effect_desc;Because of this open-border policy the Archon is willing to accept and send gifts to his most faithful allies and closest friends.;;;;;;;;;;;;;x
freehold_stable;Stable;;;;;;;;;;;x
freehold_stable_desc;The [Root.GetName] is experiencing a period of internal stability, and trade with the East is profitable. Without any large-scale disasters or powerful enemies prosperity is able to spread, and the military might of Valyria stands ready to defend both its own wealth and its loyal tributaries.;;;;;;;;;;;x
freehold_unrest;Unrest;;;;;;;;;;;x
freehold_unrest_desc;Civil unrest runs rampant in the [Root.GetName], and it has thrown the trade routes with the East into disarray. Valyria's armies are occupied internally in an attempt to keep the peace, and unless the unrest is quelled soon a full-blown civil war may well erupt at any moment.;;;;;;;;;;;x
freehold_unrest_effect_desc;§Y*§! Imperial Tributaries can §RNOT§! raise Valyrian Regiments to help them in wars\n§Y*§! This Status might result in a §RCivil War§!;;;;;;;;;;;x
freehold_civil_war;Civil War;;;;;;;;;;;x
freehold_civil_war_desc;Civil war has erupted in the [Root.GetName], and trade with the East suffers as a result. Valyria's armies are arrayed against one another, and the ruling dynasty itself is threatened. Intrepid generals may well seek their fortune in the West, beyond Valyria's borders.;;;;;;;;;;x
freehold_civil_war_effect_desc;§Y*§! The value of the Silk Road is reduced by §R50%§!\n§Y*§! Imperial Tributaries can §RNOT§! raise Valyrian Regiments\n§Y*§! Imperial Tributaries can Break Free without opposition from Valyria\n§Y*§! Might end with China getting a §RNew Dynasty§!, resetting all §YGrace§!;;;;;;;;;;;x
freehold_dothraki_invasion;Dothraki Invasion;;;;;;;;;;;x
freehold_dothraki_invasion_desc;The Dothraki hordes of the north pour into Valyria, lead by their mighty Khals. The mighty Valyrian armies are occupied with their desperate defense of their homeland, and the fighting has greatly disrupted trade as well as caused a mass exodus of refugees. Scions of the current dynasty may well flee westward if the war goes poorly enough.;;;;;;;;;;x
freehold_dothraki_invasion_effect_desc;§Y*§! Imperial Tributaries can §RNOT§! raise Valyrian Regiments\n§Y*§! Valyrian refugees might appear in your court\n§Y*§! Might end with Valyria getting a §RNew Dynasty§!, resetting all §YGrace§!;;;;;;;;;;;x
freehold_rhoynish_invasion;Rhoynish Invasion;;;;;;;;;;;x
freehold_rhoynish_invasion_desc;The people of the great river Rhoyne have descended upon Valyria itself, led by their water sorcerers and commanders. The mighty Valyrian armies are occupied with their desperate defense of their homeland, and the fighting has greatly disrupted trade as well as caused a mass exodus of refugees. Scions of the current dynasty may well flee westward if the war goes poorly enough.;;;;;;;;;;x
freehold_rhoynish_invasion_effect_desc;§Y*§! Imperial Tributaries can §RNOT§! raise Valyrian Regiments\n§Y*§! Valyrian refugees might appear in your court\n§Y*§! Might end with Valyria getting a §RNew Dynasty§!, resetting all §YGrace§!;;;;;;;;;;;x
freehold_ghiscari_invasion;Ghiscari Invasion;;;;;;;;;;;x
freehold_ghiscari_invasion_desc;The great armies of the empire of Slaver's Bay have rampaged the Valyrian islands and colonies on its way to the Valyrian homeland. The mighty Valyrian armies are occupied with their desperate defense of their homeland, and the fighting has greatly disrupted trade as well as caused a mass exodus of refugees. Scions of the current dynasty may well flee westward if the war goes poorly enough.;;;;;;;;;;x
freehold_ghiscari_invasion_effect_desc;§Y*§! Imperial Tributaries can §RNOT§! raise Valyrian Regiments\n§Y*§! Valyrian refugees might appear in your court\n§Y*§! Might end with Valyria getting a §RNew Dynasty§!, resetting all §YGrace§!;;;;;;;;;;;x
freehold_famine;Famine;;;;;;;;;;;x
freehold_famine_desc;A disastrous harvest has caused the Valyrian agriculture to buckle under the population. The calamity has caused most trade to cease, and even as their numbers dwindle, the [offmap_china.GetName]'s once-mighty armies have been burdened with relief efforts for the suffering.;;;;;;;;;;;x
freehold_famine_effect_desc;§Y*§! Imperial Tributaries can §RNOT§! raise Valyrian Regiments;;;;;;;;;;x
freehold_plague;Plague;;;;;;;;;;;x
freehold_plague_desc;A terrible disease wracks the [Root.GetName], leaving thousands lying dead in its wake. Trade has ground to a halt as the Valyrian economy has been forced to its knees, and even the Freehold's armies have been decimated to but a shadow of their former glory.;;;;;;;;;;x
freehold_plague_effect_desc;§Y*§! Imperial Tributaries can §RNOT§! raise Valyrian Regiments;;;;;;;;;;x
freehold_internal_purge;Internal Purge;;;;;;;;;;;x
freehold_internal_purge_desc;Pressured by the ever-increasing numbers of nobility, the Emperor has started a purge of Valyrian nobility. Thousands of the noble class have been killed, and some seek to move West for safety.;;;;;;;;;;;x
freehold_economic_ruin;Economic Ruin;;;;;;;;;;;x
freehold_economic_ruin_desc;Running a large empire is financially stressful, and the Valyrian economy has plunged into depths never imagined possible. The nobility dream of moving west to leave this money-barren land.;;;;;;;;;;;x
freehold_golden_age;Golden Age;;;;;;;;;;;x
freehold_golden_age_desc;The [Root.GetName] has reached untold power and wealth. As Valyria flourishes, the trade routes with the East bring not only valuable goods in previously unheard-of quantities, but also rich and abundant examples of Valyrian culture. An Emperor of the Freehold in this Golden Age may well rightfully consider [Root.Ruler.GetHerselfHimself] the [Root.Ruler.GetMasterMistress] of the known world.;;;;;;;;;;x
raise_freehold_honor_guard;Raise Valyrian Honor Guard;;;;;;;;;;x
primary_defender_or_attacker_tt;Must be the §YPrimary Attacker§! or §YPrimary Defender§! in a war;;;;;;;;;;;x
earmarked_regiments_tt;Has NOT already raised the Honor Guard;;;;;;;;;;;x
raise_freehold_regiment;Raise Valyrian Regiment;;;;;;;;;;x
raise_freehold_regiment_desc;Tributaries of Valyria can raise a special regiment of Valyrian troops to assist them in defensive wars.;;;;;;;;;;x
war_with_other_tributary_tt;You are NOT defending against another tributary of [offmap_china.GetShortName];;;;;;;;;;;;x
already_raised_TT;Must NOT already have raised a Valyrian Regiment;;;;;;;;;;x
tributary_independence_normal;Stop Paying Tribute;;;;;;;;;;x
tributary_independence_normal_desc;My §YSuzerain§! is weak and unable to prevent me from simply not paying them further tribute.;;;;;;;;;;x
recently_made_tributary_tt;Was NOT made a Tributary State within the last §Y15 years§!, or original Suzerain has died;;;;;;;;;;x
opinion_forced_tributary;Made me a Tributary State;;;;;;;;;;;x
tributary_independence_freehold;Stop Paying Tribute;;;;;;;;;;x
tributary_independence_freehold_desc;The §Y[offmap_china.GetName]§! is in a weakened state and unable to prevent me from simply not paying them further tribute.;;;;;;;;;;x
write_a_book;Compose a Book;;;;;;;;;;x
write_a_book_desc;Provided §Y[Root.GetTitledFirstName]§! possesses some knowledge of the world, you can choose to compose a work of literature.;Puisque [Root.Get_le_Title]§Y[Root.GetTitledFirstName]§! possède des connaissances sur le monde, vous pouvez choisir de composer une œuvre de littérature.;Vorausgesetzt §Y[Root.GetTitledFirstName]§! besitzt einige Kenntnisse, könnt ihr ein literarisches Werk schreiben.;;Siempre que §Y[Root.GetTitledFirstName]§! posea cierto conocimiento del mundo, puedes elegir que escriba una obra de literatura.;;;;;;;;;x
this_may_take_some_time_tt;This will take time...\n;Cela va prendre du temps...\n;Dies wird etwas dauern...\n;;Llevará tiempo…\n;;;;;;;;;x
choose_a_topic_tt;Choose a topic worthy of discussing.;Choisir un sujet dont il convient de discuter.;Wählt ein Thema, das Eure Aufmerksamkeit erhalten soll.;;Elige un tema digno de discusión.;;;;;;;;;x
has_not_explored_all_topics_tt;Has NOT explored all topics available to you;N'a pas exploré tous les sujets disponibles à vous;Hat NICHT alle Themen erkundet, die Euch verfügbar sind;;NO ha explorado todos los tópicos que tienes disponibles;;;;;;;;;x
not_currently_working_on_a_book_tt;Has NOT already put all available scribes to work;N'a pas déjà mis tous les scribes au travail;Hat NICHT bereits alle verfügbaren Schreiber an die Arbeit gesetzt;;NO ha puesto a trabajar todos los escribanos disponibles.;;;;;;;;;x
has_an_education_or_related_attribute_above_ten_tt;Has an Education trait, OR a related attribute above §Y10§!;A un trait d'éducation, ou une compétence liée au-dessus de §Y10§!;Hat eine Bildungseigenschaft oder Bildung von über §Y10§!;;Tiene un rasgo de educación O un atributo relacionado por encima de §Y10§!;;;;;;;;;x
has_diplomacy_education_tt;Has a §YDiplomacy§! education;A une éducation en §Ydiplomatie§!;Hat eine Ausbildung in §YDiplomatie§!;;Tiene una educación de §Ydiplomacia§!;;;;;;;;;x
has_martial_education_tt;Has a §YMartial§! education;A une éducation en §Ymartialité§!;Hat eine Ausbildung in §YKriegskunst§!;;Tiene una educación §Ymarcial§!;;;;;;;;;x
has_stewardship_education_tt;Has a §YStewardship§! education;A une éducation en §Yintendance§!;Hat eine Ausbildung in §YVerwaltung§!;;Tiene una educación de §Yadministración§!;;;;;;;;;x
has_intrigue_education_tt;Has a §YIntrigue§! education;A une éducation en §Yintrigue§!;Hat eine Ausbildung in §YIntrige§!;;Tiene una educación de §Yintriga§!;;;;;;;;;x
has_learning_education_tt;Has a §YLearning§! education;A une éducation en §Yérudition§!;Hat eine Ausbildung in §YBildung§!;;Tiene una educación de §Yconocimiento§!;;;;;;;;;x
negotiate_with_adventurer;Negotiate with [Root.GetFirstName];Négocier avec [Root.GetFirstName];Mit [Root.GetFirstName] verhandeln;;Negociar con [Root.GetFirstName];;;;;;;;;x
negotiate_with_adventurer_desc;Approach the Adventurer, asking what they would require in order to stop raiding you.;Contacter l'aventurier pour lui demander ce qu'il voudrait pour cesser de vous piller.;Nähert Euch den Abenteurern und fragt, was sie benötigen, um mit den Überfällen aufzuhören.;;Dirígete al aventurero. Pregúntale qué quiere para que deje de asaltarte.;;;;;;;;;x
not_negotiated_recently_tt;Has NOT negotiated with an Adventurer in the last year[From.GetNegotiateCD];N'a pas négocié avec un aventurier ces dernières années[From.GetNegotiateCD];Hat im letzten Jahr[From.GetNegotiateCD] nicht mit einem Abenteurer verhandelt;;NO ha negociado con un aventurero en el último año [From.GetNegotiateCD];;;;;;;;;x
dangerous_negotiations_tt;§Y[Root.GetFullName]§! will present an offer - if you choose to decline this offer there is nothing stopping [Root.GetHerHim] from continuing to raid your lands.;§Y[Root.GetFullName]§! fera une offre. Si vous la refusez, rien ne pourra l'empêcher de piller vos terres.;§Y[Root.GetFullName]§! wird ein Angebot darlegen. Wenn Ihr das Angebot ablehnt, hält [Root.GetHerHim] nichts auf, Eure Ländereien zu überfallen.;;§Y[Root.GetFullName]§! te hace una oferta. Si la rechazas, nada le impedirá seguir asaltando tus tierras.;;;;;;;;;x
freehold_grace_send_gift;Send Gift;Envoyer un cadeau;Geschenk senden;;Enviar regalo;;;;;;;;;x
freehold_grace_send_gift_desc;Send a gift of coin to §Y[Root.Offmap.Ruler.GetMediumChineseEmperorName]§!.;Envoyer un cadeau à l'§Y[Root.Offmap.Ruler.GetMediumChineseEmperorName]§!.;Entsendet ein Geschenk aus Münzen an §Y[Root.Offmap.Ruler.GetMediumChineseEmperorName]§!;;Enviar regalo de monedas a §Y[Root.Offmap.Ruler.GetMediumChineseEmperorName]§!;;;;;;;;;x
likes_tt;(§GLikes [This.GetLike]§!);(§GAime [This.GetLike]§!);(§GMag [This.GetLike]§!);;(le §Ggustan [This.GetLike]§!);;;;;;;;;x
dislikes_tt;(§RDislikes [This.GetDislike]§!);(§RDéteste [This.GetDislike]§!);(§RMag keine [This.GetDislike]§!);;(le §Rdisgustan [This.GetDislike]§!);;;;;;;;;x
likes_but_dislikes_tt;(§GLikes [This.GetLike]§! but §RDislikes [This.GetDislike]§!);(§GAime [This.GetLike]§! mais §Rdéteste [This.GetDislike]§!);(§GMag [This.GetLike]§!, aber §Rmag keine [This.GetDislike]§!);;(le §Ggustan [This.GetLike]§! pero le §Rdisgustan [This.GetDislike]§!);;;;;;;;;x
EMPEROR_LIKES_LABEL;The Emperor Likes;L'Empereur aime;Der Kaiser mag;;Al Emperador le gustan;;;;;;;;;x
EMPEROR_DISLIKES_LABEL;The Emperor Dislikes;L'Empereur déteste;Der Kaiser mag keine;;Al Emperador le disgustan;;;;;;;;;x
OFFMAP_LIKES_TOOLTIP;The Emperor Likes $CURRENT|Y$;L'Empereur aime $CURRENT|Y$;Der Kaiser mag $CURRENT|Y$;;Al Emperador le gustan $CURRENT|Y$;;;;;;;;;x
OFFMAP_LIKES_AND_DISLIKES_DESC;§LValyrian Emperors have varying interests and tastes. This has a big impact on all actions when trying to gain the Emperor's Favor. The Emperor takes note both of your own qualities (e.g. Culture) and those of your specific offering (e.g. a Concubine)...§!;§LLes empereurs chinois ont des intérêts et des goûts variés, ce qui compte beaucoup lorsqu'il s'agit d'obtenir la Grâce de l'Empereur. L'empereur prend en compte vos propres caractéristiques (par exemple la culture) et celles de votre offre (par exemple une concubine)...§!;§LChinesische Kaiser haben unterschiedliche Interessen und Geschmäcke. Das hat einen großen Einfluss auf alle Handlungen die man durchführt, um die Gunst des Kaisers zu gewinnen. Der Kaiser nimmt Kenntnis von sowohl Euren eigenen Eigenschaften (z.B. Kultur), als auch denen eines bestimmten Angebots (z.B. Konkubinen)...§!;;Los §Lemperadores chinos tienen diversos gustos e intereses. Esto tiene un gran impacto en todas las acciones cuando se quiere ganar la gracia del emperador. El Emperador se fija tanto en tus cualidades propias (p.ej. cultura) y las de tu ofrenda específica (p.ej. una concubina)…§!;;;;;;;;;x
OFFMAP_DISLIKES_TOOLTIP;The Emperor Dislikes $CURRENT|Y$;L'Empereur déteste $CURRENT|Y$;Der Kaiser mag keine $CURRENT|Y$;;Al Emperador le disgustan $CURRENT|Y$;;;;;;;;;x
OFFMAP_DYNASTY_DESC;The current Imperial Dynasty is $DYNASTY|Y$, of $CULTURE|Y$ origins.;La dynastie impériale est $DYNASTY|Y$, d'origine $CULTURE|Y$.;Die momentane Kaiserdynastie ist $DYNASTY|Y$, mit $CULTURE|Y$en Wurzeln.;;La dinastía imperial actual es $DYNASTY|Y$, de orígenes $CULTURE|Y$.;;;;;;;;;x
OFFMAP_RULER_DESC;§YEmperor $NAME$§!\nAge: $AGE|Y$\nCulture: $CULTURE|Y$\nReligion: $RELIGION|Y$;§YEmpereur $NAME$§!\nÂge: $AGE|Y$\nCulture: $CULTURE|Y$\nReligion: $RELIGION|Y$;§YKaiser $NAME$§!\nAlter: $AGE|Y$\nKultur: $CULTURE|Y$\nReligion: $RELIGION|Y$;;§YEmperador $NAME$§!\nEdad: $AGE|Y$\nCultura: $CULTURE|Y$\nReligión: $RELIGION|Y$;;;;;;;;;x
SET_OFFMAP_LIKE_RANDOM;$OFFMAP|Y$ now Likes something else;$OFFMAP|Y$ aime autre chose à présent;$OFFMAP|Y$ mag nun etwas anderes;;$OFFMAP|Y$ ahora le gustan otra cosa;;;;;;;;;x
SET_OFFMAP_LIKE;$OFFMAP|Y$ now Likes $LIKE|Y$;$OFFMAP|Y$ aime maintenant $LIKE|Y$;$OFFMAP|Y$ mag nun $LIKE|Y$;;$OFFMAP|Y$ ahora le gustan $LIKE|Y$;;;;;;;;;x
SET_OFFMAP_DISLIKE_RANDOM;$OFFMAP|Y$ now Dislikes something else;$OFFMAP|Y$ aime maintenant autre chose;$OFFMAP|Y$ mag nun etwas anderes nicht mehr;;$OFFMAP|Y$ ahora le disgustan otra cosa;;;;;;;;;x
SET_OFFMAP_DISLIKE;$OFFMAP|Y$ now Dislikes $LIKE|Y$;$OFFMAP|Y$ n'aime plus $LIKE|Y$;$OFFMAP|Y$ mag keine $LIKE|Y$;;$OFFMAP|Y$ ahora le disgustan $LIKE|Y$;;;;;;;;;x
likes_concubines;Concubines;les concubines;Konkubinen;;concubinas;;;;;;;;;x
likes_eunuchs;Eunuchs;les eunuques;Eunuchen;;eunucos;;;;;;;;;x
likes_wealth;Wealth;la richesse;Wohlstand;;riquezas;;;;;;;;;x
likes_tributaries;Tributaries;les tributaires;Tributstaaten;;tributarios;;;;;;;;;x
freehold_grace_peace_deal_allow_tt;Does NOT have a non-aggression pact or peace deal with the §Y[Root.Offmap.GetFullName]§! and its §Y[Root.Offmap.Governor.GetTitle]§!\n;N'a pas de pacte de non-agression ni d'accord de paix avec l'§Y[Root.Offmap.GetFullName]§! et son §Y[Root.Offmap.Governor.GetTitle]§!\n;Hat KEINEN Nichtangriffspakt oder Friedensvertrag mit §Y[Root.Offmap.GetFullName]§! und s[Root.Offmap.Governor.Geteinemeiner] §Y[Root.Offmap.Governor.GetTitle]§!\n;;NO tiene un pacto de no agresión o acuerdo de paz con el §Y[Root.Offmap.GetFullName]§! y su §Y[Root.Offmap.Governor.GetTitle]§!\n;;;;;;;;;x
freehold_grace_peace_deal;Request a Peace Deal;Demander un accord de paix;Friedensvertrag anfordern;;Solicitar acuerdo de paz;;;;;;;;;x
freehold_grace_peace_deal_desc;Send a request to §Y[Root.Offmap.Ruler.GetMediumChineseEmperorName]§!, asking for peaceful relations with the §Y[Root.Offmap.GetFullName]§! and its §Y[Root.Offmap.Governor.GetTitle]§!.;Envoyer une demande à l'§Y[Root.Offmap.Ruler.GetMediumChineseEmperorName]§!, en demandant des relations pacifiques avec §Y[Root.Offmap.GetFullName]§! et son §Y[Root.Offmap.Governor.GetTitle]§! .;Entsendet an §Y[Root.Offmap.Ruler.GetMediumChineseEmperorName]§! eine Anfrage auf friedliche Beziehungen mit §Y[Root.Offmap.GetFullName]§! und seinen §Y[Root.Offmap.Governor.GetTitle]§!.;;Solicitar al §Y[Root.Offmap.Ruler.GetMediumChineseEmperorName]§! tener relaciones pacíficas con el §Y[Root.Offmap.GetFullName]§! y su §Y[Root.Offmap.Governor.GetTitle]§!;;;;;;;;;x
freehold_grace_peace_deal_effect_tt;\nDuring the peace deal, the §Y[Root.Offmap.GetFullName]§! and its §Y[Root.Offmap.Governor.GetTitle]§! will not declare war on you. It will last for §Y50§! years or until the dynasty of the [Root.Offmap.Ruler.GetTitle], [Root.Offmap.Ruler.GetOnlyDynastyName], ends.;\nPendant l'accord de paix, l'§Y[Root.Offmap.GetFullName]§! et son §Y[Root.Offmap.Governor.GetTitle]§! ne vous déclareront pas la guerre. Il durera §Y50§! ans ou jusqu'à la fin de la dynastie de l'[Root.Offmap.Ruler.GetTitle], les [Root.Offmap.Ruler.GetOnlyDynastyName].;\nWährend des Friedensvertrages werden Euch §Y[Root.Offmap.GetFullName]§! und seine §Y[Root.Offmap.Governor.GetTitle]§! keinen Krieg erklären. Er wird für §Y50§! Jahre andauern oder bis die Dynastie von [Root.Offmap.Ruler.GetTitle] [Root.Offmap.Ruler.GetOnlyDynastyName] endet.;;\nMientras dure el acuerdo de paz, el §Y[Root.Offmap.GetFullName]§! y su §Y[Root.Offmap.Governor.GetTitle]§! no te declararán la guerra. Durará §Y50§! años o hasta que cambie la dinastía [Root.Offmap.Ruler.GetOnlyDynastyName] del [Root.Offmap.Ruler.GetTitle].;;;;;;;;;x
freehold_grace_become_tributary;Become Tributary;Devenir tributaire;Tributstaat werden;;Convertirse en tributario;;;;;;;;;x
freehold_grace_become_tributary_desc;Pledge your allegiance to §Y[Root.Offmap.Ruler.GetMediumChineseEmperorName]§!, who will become your suzerain. While this comes with new responsibilities and restricts your freedom, you will also enjoy certain privileges.;Jurer allégeance à l'§Y[Root.Offmap.Ruler.GetMediumChineseEmperorName]§!, qui deviendra votre suzerain. Bien que cela comporte de nouvelles responsabilités et limite votre liberté, vous bénéficierez également de certains privilèges.;Versprecht Eure Treue gegenüber §Y[Root.Offmap.Ruler.GetMediumChineseEmperorName]§!, der Euer Suzerän wird. Auch wenn dies mit neuen Aufgaben und Beschränkungen Eurer Freiheit verbunden ist, kommt es auch mit neuen Privilegien einher.;;Jura lealtad a §Y[Root.Offmap.Ruler.GetMediumChineseEmperorName]§!, quien se convertirá en tu soberano. Si bien esto trae nuevas responsabilidades y restringe tu libertad, también disfrutarás de ciertos privilegios.;;;;;;;;;x
freehold_grace_become_tributary_allow_governor_neighbor_tt;Has a realm county bordering the [Root.PrimaryTitle.GetFullName]\n;A dans son pays un comté limitrophe [Root.PrimaryTitle.Get_au_RealmFull][Root.PrimaryTitle.GetFullName]\n;Hat eine Reichsgrafschaft, die an [Root.PrimaryTitle.GetFullName] grenzt\n;;Tiene un reino fronterizo con el [Root.PrimaryTitle.GetFullName]\n;;;;;;;;;x
freehold_grace_become_tributary_allow_tributary_neighbor_tt;Has a realm county bordering a nation which is a tributary of the [Root.Offmap.GetFullName]\n;A dans son pays un comté limitrophe d'un pays tributaire de l'[Root.Offmap.GetFullName] \n;Hat eine Reichsgrafschaft, die an eine Nation, die ein Tributstaat von [Root.Offmap.GetFullName] ist, angrenzt\n;;Tiene un reino fronterizo con una nación tributaria del [Root.Offmap.GetFullName]\n;;;;;;;;;x
freehold_grace_become_tributary_allow_eastern_border_tt;Has a realm county bordering the Eastern edge of the map\n;A dans son pays un comté au bord oriental de la carte\n;Hat eine Reichsgrafschaft, die an den östlichen Rand der Karte angrenzt.;;Tiene un reino fronterizo con el extremo oriental del mapa\n;;;;;;;;;x
freehold_grace_become_tributary_allow_india_tt;Has a coastal realm county in Essos\n;A dans son pays un comté côtier en Inde\n;Hat eine Küstengrafschaft in Indien\n;;Su reino tiene un condado costero en la India\n;;;;;;;;;x
freehold_grace_supply_horses;Supply Horses;Fournir des chevaux;Mit Pferden versorgen;;Suministrar caballos;;;;;;;;;x
freehold_grace_supply_horses_desc;Nomadic realms can please the §Y[Root.Offmap.GetFullName]§! by sending them a continuous supply of horses. For as long as you supply horses, you will gain a ticking amount of §GGrace§! in exchange for a small penalty to your §YManpower§!. You can at any point stop supplying horses, but if you do you will not be able to start supplying them again with the same character. While you are supplying horses Valyria is less likely to invade you.;Les pays nomades peuvent plaire à l'§Y[Root.Offmap.GetFullName]§! en lui fournissant continuellement des chevaux. Tant que vous lui en envoyez, vous recevrez de la §GGrâce§! en échange d'une petite pénalité en §Yeffectifs§!. Vous pouvez à tout moment arrêter de fournir des chevaux, mais si vous le faites, vous ne pourrez pas recommencer avec le même personnage. Lorsque vous fournissez des chevaux, la Chine est moins susceptible de vous envahir.;Nomadische Reiche können §Y[Root.Offmap.GetFullName]§! zufrieden stellen, indem sie ihnen kontinuierlich Pferde liefern. Für die Dauer der Versorgung erhaltet Ihr wachsende §GGunst§! im Austausch für etwas §YMannstärke§!. Ihr könnt zwar zu jeder Zeit aufhören, aber könnt dann mit demselben Charakter nicht erneut Pferde liefern. Während der Versorgung mit Pferden ist es weniger wahrscheinlich, dass Euch China angreift.;;Los reinos nómadas pueden complacer a §Y[Root.Offmap.GetFullName]§! enviándoles un suministro continuo de caballos. Mientras los sigas entregando, irás ganando una cantidad constante de §GGracia§! a cambio de una pequeña penalización a tu §Ysoldadesca§!. Puedes dejar de enviar caballos en cualquier momento, pero si lo haces, no podrás volver a suministrarlos con el mismo personaje. Mientras suministres caballos, será menos probable que China te invada.;;;;;;;;;x
freehold_supply_horses;Supplying Horses to Valyria;Approvisionne la Chine en chevaux;Versorgt China mit Pferden;;Suministrar caballos a China;;;;;;;;;x
freehold_supply_horses_desc;This nomadic ruler is supplying Valyria with horses.;Ce dirigeant nomade approvisionne la Chine en chevaux.;Der nomadische Herrscher versorgt China mit Pferden;;Este gobernante nómada suministra caballos a China.;;;;;;;;;x
freehold_grace_supply_horses_not_already_supplying_tt;Is NOT already supplying horses;Ne fournit pas déjà des chevaux;Liefert NICHT bereits Pferde;;NO está suministrando caballos;;;;;;;;;x
freehold_grace_supply_horses_stopped_supplying_tt;Has NOT previously chosen to stop supplying horses;N'a pas précédemment choisi d'arrêter d'envoyer des chevaux;Hat NICHT damit aufgehört Pferde zu liefern;;NO ha elegido dejar de suministrar caballos;;;;;;;;;x
EVTDESC_JD_3041;[Root.GetGovernorLetterGreeting]. [Root.GetChineseLetterBlessing].\n\nThe heavenly [From.Offmap.Ruler.GetLongChineseEmperorName], has graciously accepted your offer of supplying [From.Offmap.Ruler.GetHerHis] army with magnificent steeds.;[Root.GetGovernorLetterGreeting]. [Root.GetChineseLetterBlessing].\n\n[From.Offmap.Ruler.GetLeLaCap] Céleste [From.Offmap.Ruler.GetLongChineseEmperorName], a gracieusement accepté votre offre de fournir à son armée de magnifiques coursiers.;[Root.GetGovernorLetterGreeting]. [Root.GetChineseLetterBlessing].\n\n[From.Offmap.Ruler.GetDerDie] himmlische [From.Offmap.Ruler.GetLongChineseEmperorName] hat Euer Angebot [From.Offmap.Ruler.GetHerHis]e Armee mit kräftigen Stuten zu versorgen, dankend angenommen.;;[Root.GetGovernorLetterGreeting]. [Root.GetChineseLetterBlessing].\n\nEl celeste [From.Offmap.Ruler.GetLongChineseEmperorName] ha aceptado gentilmente tu oferta de abastecer a su ejército con magníficos sementales.;;;;;;;;;x
EVTOPTA_JD_3041;May they trample your enemies!;Qu'ils piétinent nos ennemis !;Mögen sie eure Feinde zertrampeln!;;¡Así pisoteen a tus enemigos!;;;;;;;;;x
freehold_grace_stop_supply_horses;Stop Supplying Horses;Arrêter l'envoi de chevaux;Pferdelieferung beenden;;Dejar de suministrar caballos.;;;;;;;;;x
freehold_grace_stop_supply_horses_desc;If you no longer require the §Y[Root.Offmap.GetFullName]§!'s grace, you can choose to stop supplying horses to them. You will be unable to start supplying horses again with this character.;Si n'avez plus besoin de la Grâce de §Y[Root.Offmap.GetFullName]§!, vous pouvez choisir de ne plus l'approvisionner en chevaux. Il vous sera impossible de le refaire avec ce personnage.;Wenn Ihr die Gunst von §Y[Root.Offmap.GetFullName]§! nicht länger benötigt, könnt ihr die Versorgung mit Pferden beenden. Ihr könnt dann allerdings mit diesem Charakter nicht wieder mit der Lieferung beginnen.;;Si ya no necesitas la gracia de §Y[Root.Offmap.GetFullName]§!, puedes dejar de suministrarle caballos. No podrás volver a suministrar caballos con este personaje.;;;;;;;;;x
freehold_grace_offer_concubine;Send a Concubine;Envoyer une concubine;Konkubine entsenden;;Enviar una concubina;;;;;;;;;x
freehold_grace_offer_concubine_desc;Offer up one of your courtiers, to be sent to live out their life in the §Y[Root.Offmap.GetFullName]§!, in the service of the Emperor.\n;Offrir à une de vos courtisanes d'aller vivre dans l'§Y[Root.Offmap.GetFullName]§!, au service de l'Empereur.\n;Bietet einem Eurer Höflinge an, sein Leben im Dienste des Kaisers in §Y[Root.Offmap.GetFullName]§! zu verbringen.\n;;Ofrece enviar a alguien de tu corte a vivir al §Y[Root.Offmap.GetFullName]§! al servicio del Emperador.\n;;;;;;;;;x
freehold_tribute_send_concubine_cooldown_tt;Has NOT sent a concubine in 20 years;N'a pas envoyé de concubine ces 20 dernières années;Hat in den letzten 20Jahren KEINE Konkubine entsendet;;NO ha enviado una concubina en 20 años;;;;;;;;;x
freehold_grace_offer_eunuch;Send a Eunuch;Envoyer un eunuque;Eunuchen entsenden;;Enviar un eunuco;;;;;;;;;x
freehold_grace_offer_eunuch_desc;Offer up one of your courtiers, to be sent to live out their life in the §Y[Root.Offmap.GetFullName]§!, in the service of the Emperor.\n;Offrir à un de vos courtisans d'aller vivre dans l'§Y[Root.Offmap.GetFullName]§!, au service de l'Empereur.;Bietet einem Eurer Höflinge an, sein Leben im Dienste des Kaisers in §Y[Root.Offmap.GetFullName]§! zu verbringen.\n;;Ofrece enviar a uno de tus cortesanos a vivir al §Y[Root.Offmap.GetFullName]§! a servir al Emperador.\n;;;;;;;;;x
freehold_tribute_send_eunuch_cooldown_tt;Has NOT sent a eunuch in 20 years;N'a pas envoyé d'eunuque ces 20 dernières années;Hat in den letzten 20Jahren KEINEN Eunuchen entsendet;;NO ha enviado un eunuco en 20 años;;;;;;;;;x
freehold_grace_offer_commander;Send a Commander;Envoyer un commandant;Kommandanten entsenden;;Enviar un comandante;;;;;;;;;x
freehold_grace_offer_commander_desc;As the §Y[Root.Offmap.GetFullName]§! is in a state of turmoil, you can offer up one of your most gifted commanders to go and join the [Root.Offmap.GetShortName] Army as an auxiliary officer.;Puisque l'§Y[Root.Offmap.GetFullName]§! traverse une période de troubles, vous pourriez leur proposer d'envoyer un de vos plus talentueux commandants afin qu'il rejoigne l'armée de la [Root.Offmap.GetShortName] en tant qu'officier auxiliaire.;Da §Y[Root.Offmap.GetFullName]§! in einem Zustand der Aufruhr ist, können wir ihnen anbieten, einen unserer begabtesten Kommandanten zu schicken, um der [Root.Offmap.GetShortName]-Armee als Hilfsoffizier beizutreten.;;Como el §Y[Root.Offmap.GetFullName]§! está en un estado de caos puedes ofrecer a uno de tus comandantes de mayor talento para unirse al ejército de [Root.Offmap.GetShortName] como oficial auxiliar.;;;;;;;;;x
freehold_tribute_send_commander_cooldown_tt;Has NOT sent a commander in 20 years;N'a pas envoyé de commandant en 20 ans;Hat in den letzten 20 Jahren KEINEN Kommandanten entsendet;;NO ha enviado un comandante en 20 años;;;;;;;;;x
freehold_commander_cd;§YRecently Sent Commander§!;§YA récemment envoyé un commandant§!;§YAbklingzeit - Kommandanten entsenden§!;;§YCuenta atrás envío comandante§!;;;;;;;;;x
freehold_commander_cd_desc;You have recently sent a Commander to Valyria, if Valyria is still in turmoil you will be able to send another one on: §Y[Root.chinese_grace_send_commander_timer.GetExpiryDate]§!;Vous avez récemment envoyé un commandant à la Chine. Si la Chine est encore en période de troubles, vous pourrez en envoyer un autre le §Y[Root.chinese_grace_send_commander_timer.GetExpiryDate]§!;Ihr habt erst kürzlich einen Kommandanten nach China entsendet. Wenn China weiterhin in Aufruhe ist, könnt ihr den nächsten am §Y[Root.chinese_grace_send_commander_timer.GetExpiryDate]§! senden;;Has enviado recientemente un comandante a China. Si China sigue sumida en el caos podrás enviar otro el: §Y[Root.chinese_grace_send_commander_timer.GetExpiryDate]§! ;;;;;;;;;x
freehold_grace_offer_physician;Send a Physician;Envoyer un physicien;Arzt entsenden;;Envía un médico;;;;;;;;;x
freehold_grace_offer_physician_desc;As the §Y[Root.Offmap.GetFullName]§! is being ravaged by a devastating plague, you can offer to send a medically-schooled individual to go and protect the Emperor from disease and infection. This interaction can only be taken once per character.;Puisque l'§Y[Root.Offmap.GetFullName]§! est en train d'être ravagé par une peste dévastatrice, vous pouvez proposer d'envoyer un physicien protéger l'Empereur contre la maladie. Cette interaction ne peut être prise qu'une fois par personnage.;Wenn das §Y[Root.Offmap.GetFullName]§! von einer verheerenden Pest heimgesucht wird, könnt Ihr anbieten, eine medizinisch geschulte Person zu entsenden, um den Kaiser vor Krankheit und Infektion zu schützen. Diese Interaktion kann nur einmal pro Charakter eingesetzt werden.;;Como una peste devastadora está arrasando el §Y[Root.Offmap.GetFullName]§!, puedes ofrecer enviar a un individuo que haya cursado medicina para proteger al emperador de la enfermedad y la infección. Esta interacción solo se puede tomar una vez por personaje.;;;;;;;;;x
freehold_tribute_send_physician_tt;Has NOT sent a physician already;N'a pas déjà envoyé de physicien;Hat NICHT bereits einen Arzt geschickt;;Aún NO ha enviado un médico;;;;;;;;;x
freehold_grace_send_relief;Launch a Relief Expedition;Envoyer une expédition d'aide;Hilfsgüter senden;;Enviar una expedición de socorro;;;;;;;;;x
freehold_grace_send_relief_desc;As the §Y[Root.Offmap.GetFullName]§! is suffering from a great famine, you can offer to send a relief expedition to deliver supplies and help the Emperor in maintaining the stability of China.\n;Puisque l'§Y[Root.Offmap.GetFullName]§! subit une grande famine, vous pouvez proposer d'envoyer une expédition d'aide pour fournir des vivres et ainsi aider l'Empereur à maintenir la stabilité de la Chine.\n;§Y[Root.Offmap.GetFullName]§! leidet unter einer großen Hungersnot und Ihr könnt anbieten, Hilfsgüter zu liefern, um dem Kaiser bei der Aufrechterhaltung der Stabilität zu helfen.\n;;Como el §Y[Root.Offmap.GetFullName]§! sufre una gran hambruna, puedes ofrecer enviar una expedición de socorro para entregar suministros y ayudar al emperador a mantener la estabilidad de China.\n;;;;;;;;;x
freehold_send_relief;Sending Relief to Valyria;Envoyer une expédition d'aide en Chine;Schickt Hilfsgüter nach China;;Enviar socorro a China;;;;;;;;;x
freehold_request_invasion;Request Invasion;Demander une invasion;Invasion anfordern;;Solicitar invasión;;;;;;;;;x
freehold_request_invasion_desc;Ask the §Y[Root.Offmap.GetFullName]§! to declare war on another ruler with the intent of shattering their realm. If the war succeeds, any §YKingdoms or Empires§! held by the target will be §Rforcibly destroyed§!. Valyria only attacks realms of either §YKing or Empire tier§! which contain at least §Y40 Counties§!, as anything else would be too menial for them.;Demandez à §Y[Root.Offmap.GetFullName]§! de déclarer la guerre à un autre dirigeant dans le but de détruire leur pays. Si la guerre réussit, tout §Yroyaume ou empire§! détenu par la cible sera détruit. La Chine n'attaque que les pays de rang de royaume ou empire qui contiennent au moins §Y40 comtés§!.;Fragt §Y[Root.Offmap.GetFullName]§! einem anderen Herrscher den Krieg zu erklären, mit dem Ziel, ihr Reich zu zerstören. Wenn der Krieg gelingt, werden alle §YKönigreich- oder Reich-§! Titel, die der Charakter hält §Rzerstört§!. China greift nur Reiche der Stufe §YKönigreich oder Reich§! an, die mindestens §Y40 Grafschaften§! beherbergen, da alles andere für sie zu geringfügig wäre.;;Pedir al §Y[Root.Offmap.GetFullName]§! que declare la guerra a otro gobernante para destruir su reino. Si la guerra tiene éxito, todo §Yreino o imperio§! que posea el enemigo será §Rdestruido a la fuerza§!. China solo ataca reinos del rango de §Yreino o Imperio§! que contengan al menos §Y40 condados§!, pues cualquier otra cosa sería de poca monta. ;;;;;;;;;x
freehold_grace_offer_artifact;Send Artifact;Envoyer l'artefact;Artefakte schicken;;Enviar artefacto;;;;;;;;;x
freehold_grace_offer_artifact_desc;Send an invaluable artifact to §Y[Root.Offmap.Ruler.GetMediumChineseEmperorName]§!.;Envoyez un artefact inestimable à l'§Y[Root.Offmap.Ruler.GetMediumChineseEmperorName]§!.;Sendet §Y[Root.Offmap.Ruler.GetMediumChineseEmperorName]§! ein unschätzbares Artefakt.;;Enviar artefacto inestimable a §Y[Root.Offmap.Ruler.GetMediumChineseEmperorName]§!.;;;;;;;;;x
freehold_tribute_send_artifact_cooldown_tt;Has NOT sent an artifact in 10 years;N'a pas envoyé d'artefact depuis 10 ans;Hat in den letzten 10Jahren KEIN Artefakt geschickt;;NO ha enviado un artefacto en 10 años;;;;;;;;;x
freehold_kow_tow_pilgrimage;Bow Before the [offmap_china.Ruler.GetEmperorEmpress];Se prosterner devant l'[offmap_china.Ruler.GetEmperorEmpress];Kotau vor [offmap_china.Ruler.Getdemder] [offmap_china.Ruler.GetEmperorEmpress] durchführen;;Rinde pleitesía al/ a la [offmap_china.Ruler.GetEmperorEmpress];;;;;;;;;x
freehold_kow_tow_pilgrimage_desc;Journey to the inner lands of the §Y[offmap_china.GetFullName]§! and bow before the [offmap_china.Ruler.GetEmperorEmpress] in an act of servitude. Performing a Bow will earn you §GGrace§! with the §Y[offmap_china.GetFullName]§!, but it will cost you §RPrestige§! to do so.;Voyager vers les terres intérieures de l'§Y[offmap_china.GetFullName]§! et ployer le genou devant l'[offmap_china.Ruler.GetEmperorEmpress] en signe de servitude. Vous obtiendriez de la §GGrâce§! auprès de l'§Y[offmap_china.GetFullName]§!, mais vous perdrez en §Rprestige§!.;Reist ins Kernland von §Y[offmap_china.GetFullName]§! und kniet vor [offmap_china.Ruler.Getdemder] [offmap_china.Ruler.GetEmperorEmpress] als Zeichen Euer Unterwerfung. Das Durchführen eines Kotau bringt Euch §YGunst§! bei §Y[offmap_china.GetFullName]§!, kostet aber §RPrestige§!.;;Viaja al interior de la tierras de §Y[offmap_china.GetFullName]§! e inclínate ante el/ la [offmap_china.Ruler.GetEmperorEmpress] en un acto de sometimiento. Rendir pleitesía te conseguirá §Ggracia§! del [offmap_china.GetFullName], pero también te costará §Rprestigio§!.;;;;;;;;;x
