PROV1;God's Eye;God's Eye;God's Eye;;;;;;;;;x
PROV2;Braavos;Braavos;Braavos;;;;;;;;;x
PROV3;Braavosi Marshes;Braavosi Marshes;Braavosi Marshes;;;;;;;;;x
PROV4;Horn of Braavos;Horn of Braavos;Horn of Braavos;;;;;;;;;x
PROV5;Olmo;Olmo;Olmo;;;;;;;;;x
PROV6;Rotto;Rotto;Rotto;;;;;;;;;x
PROV7;Valarda;Valarda;Valarda;;;;;;;;;x
PROV8;Gidonio;Gidonio;Gidonio;;;;;;;;;x
PROV9;Astori;Astori;Astori;;;;;;;;;x
PROV10;Fillipo;Fillipo;Fillipo;;;;;;;;;x
PROV11;Bulegato;Bulegato;Bulegato;;;;;;;;;x
PROV12;Taru;Taru;Taru;;;;;;;;;x
PROV13;Fossati;Fossati;Fossati;;;;;;;;;x
PROV14;Ghetta;Ghetta;Ghetta;;;;;;;;;x
PROV15;Frattin;Frattin;Frattin;;;;;;;;;x
PROV16;Solferin;Solferin;Solferin;;;;;;;;;x
PROV17;Sud;Sud;Sud;;;;;;;;;x
PROV18;Pree;Pree;Pree;;;;;;;;;x
PROV19;Colina;Colina;Colina;;;;;;;;;x
PROV20;Fornace;Fornace;Fornace;;;;;;;;;x
PROV21;Vanzo;Vanzo;Vanzo;;;;;;;;;x
PROV22;Calvi;Calvi;Calvi;;;;;;;;;x
PROV23;Bonotti;Bonotti;Bonotti;;;;;;;;;x
PROV24;Sozzi;Sozzi;Sozzi;;;;;;;;;x
PROV25;Alta;Alta;Alta;;;;;;;;;x
PROV26;Cairoli;Cairoli;Cairoli;;;;;;;;;x
PROV27;Pelmo;Pelmo;Pelmo;;;;;;;;;x
PROV28;Rosa;Rosa;Rosa;;;;;;;;;x
PROV29;Berico;Berico;Berico;;;;;;;;;x
PROV30;Grappani;Grappani;Grappani;;;;;;;;;x
PROV31;Marci;Marci;Marci;;;;;;;;;x
PROV32;Zermanese;Zermanese;Zermanese;;;;;;;;;x
PROV33;Vittorio;Vittorio;Vittorio;;;;;;;;;x
PROV34;Stazione;Stazione;Stazione;;;;;;;;;x
PROV35;Luciane;Luciane;Luciane;;;;;;;;;x
PROV36;Gasperi;Gasperi;Gasperi;;;;;;;;;x
PROV37;Sturzo;Sturzo;Sturzo;;;;;;;;;x
PROV38;Tolti;Tolti;Tolti;;;;;;;;;x
PROV39;Baracca;Baracca;Baracca;;;;;;;;;x
PROV40;Kennid;Kennid;Kennid;;;;;;;;;x
PROV41;Zuccarello;Zuccarello;Zuccarello;;;;;;;;;x
PROV42;Maggia;Maggia;Maggia;;;;;;;;;x
PROV43;Pascoli;Pascoli;Pascoli;;;;;;;;;x
PROV44;Gagarin;Gagarin;Gagarin;;;;;;;;;x
PROV45;Colomberi;Colomberi;Colomberi;;;;;;;;;x
PROV46;Horsa;Horsa;Horsa;;;;;;;;;x
PROV47;Augusti;Augusti;Augusti;;;;;;;;;x
PROV48;Cretia;Cretia;Cretia;;;;;;;;;x
PROV49;Tommaseo;Tommaseo;Tommaseo;;;;;;;;;x
PROV50;Kossuth;Kossuth;Kossuth;;;;;;;;;x
PROV51;Nicolia;Nicolia;Nicolia;;;;;;;;;x
PROV52;Poianon;Poianon;Poianon;;;;;;;;;x
PROV53;Pellico;Pellico;Pellico;;;;;;;;;x
PROV54;Marconi;Marconi;Marconi;;;;;;;;;x
PROV55;Orboni;Orboni;Orboni;;;;;;;;;x
PROV56;Battista;Battista;Battista;;;;;;;;;x
PROV57;Licoria;Licoria;Licoria;;;;;;;;;x
PROV58;Oresti;Oresti;Oresti;;;;;;;;;x
PROV59;Zorzi;Zorzi;Zorzi;;;;;;;;;x
PROV60;Ortolan;Ortolan;Ortolan;;;;;;;;;x
PROV61;Piva;Piva;Piva;;;;;;;;;x
PROV62;Arduino;Arduino;Arduino;;;;;;;;;x
PROV63;Bottenigo;Bottenigo;Bottenigo;;;;;;;;;x
PROV64;Monzani;Monzani;Monzani;;;;;;;;;x
PROV65;Western Lorath;Western Lorath;Western Lorath;;;;;;;;;x
PROV66;Battered Isle;Battered Isle;Battered Isle;;;;;;;;;x
PROV67;Eastern Lorath;Eastern Lorath;Eastern Lorath;;;;;;;;;x
PROV68;Baskoti;Baskoti;Baskoti;;;;;;;;;x
PROV69;Tadini;Tadini;Tadini;;;;;;;;;x
PROV70;Otok;Otok;Otok;;;;;;;;;x
PROV71;Bajkini;Bajkini;Bajkini;;;;;;;;;x
PROV72;Labinci;Labinci;Labinci;;;;;;;;;x
PROV73;Cuki;Cuki;Cuki;;;;;;;;;x
PROV74;Narduci;Narduci;Narduci;;;;;;;;;x
PROV75;Piskovi;Piskovi;Piskovi;;;;;;;;;x
PROV76;Konstan;Konstan;Konstan;;;;;;;;;x
PROV77;Zavrsje;Zavrsje;Zavrsje;;;;;;;;;x
PROV78;Antonci;Antonci;Antonci;;;;;;;;;x
PROV79;Livade;Livade;Livade;;;;;;;;;x
PROV80;Sirotici;Sirotici;Sirotici;;;;;;;;;x
PROV81;Sorgi;Sorgi;Sorgi;;;;;;;;;x
PROV82;Gradinje;Gradinje;Gradinje;;;;;;;;;x
PROV83;Ipsi;Ipsi;Ipsi;;;;;;;;;x
PROV84;Sterna;Sterna;Sterna;;;;;;;;;x
PROV85;Cepic;Cepic;Cepic;;;;;;;;;x
PROV86;Makovici;Makovici;Makovici;;;;;;;;;x
PROV87;Svetian;Svetian;Svetian;;;;;;;;;x
PROV88;Kuberton;Kuberton;Kuberton;;;;;;;;;x
PROV89;Buzet;Buzet;Buzet;;;;;;;;;x
PROV90;Martina;Martina;Martina;;;;;;;;;x
PROV91;Strana;Strana;Strana;;;;;;;;;x
PROV92;Cunj;Cunj;Cunj;;;;;;;;;x
PROV93;Prapoce;Prapoce;Prapoce;;;;;;;;;x
PROV94;Kompanj;Kompanj;Kompanj;;;;;;;;;x
PROV95;Roc;Roc;Roc;;;;;;;;;x
PROV96;Rim;Rim;Rim;;;;;;;;;x
PROV97;Paladini;Paladini;Paladini;;;;;;;;;x
PROV98;Juradi;Juradi;Juradi;;;;;;;;;x
PROV99;Draguc;Draguc;Draguc;;;;;;;;;x
PROV100;Oslici;Oslici;Oslici;;;;;;;;;x
PROV101;Senj;Senj;Senj;;;;;;;;;x
PROV102;Baracuci;Baracuci;Baracuci;;;;;;;;;x
PROV103;Grimalda;Grimalda;Grimalda;;;;;;;;;x
PROV104;Dol;Dol;Dol;;;;;;;;;x
PROV105;Zamask;Zamask;Zamask;;;;;;;;;x
PROV106;Butonega;Butonega;Butonega;;;;;;;;;x
PROV107;Novaki;Novaki;Novaki;;;;;;;;;x
PROV108;Pazin;Pazin;Pazin;;;;;;;;;x
PROV109;Lovrin;Lovrin;Lovrin;;;;;;;;;x
PROV110;Muttenz;Muttenz;Muttenz;;;;;;;;;x
PROV111;Andalos;Andalos;Andalos;;;;;;;;;x
PROV112;Ligerz;Ligerz;Ligerz;;;;;;;;;x
PROV113;Father's Hill;Father's Hill;Father's Hill;;;;;;;;;x
PROV114;Ribellasca;Ribellasca;Ribellasca;;;;;;;;;x
PROV115;Islikon;Islikon;Islikon;;;;;;;;;x
PROV116;Gstaad;Gstaad;Gstaad;;;;;;;;;x
PROV117;Llanfair;Llanfair;Llanfair;;;;;;;;;x
PROV118;Goodwick;Goodwick;Goodwick;;;;;;;;;x
PROV119;Bethet;Bethet;Bethet;;;;;;;;;x
PROV120;Blaenavon;Blaenavon;Blaenavon;;;;;;;;;x
PROV121;Neigwl;Neigwl;Neigwl;;;;;;;;;x
PROV122;Theirbach;Theirbach;Theirbach;;;;;;;;;x
PROV123;Fritzing;Fritzing;Fritzing;;;;;;;;;x
PROV124;Mother's Valley;Mother's Valley;Mother's Valley;;;;;;;;;x
PROV125;Willow's Reach;Willow's Reach;Willow's Reach;;;;;;;;;x
PROV126;Risola;Risola;Risola;;;;;;;;;x
PROV127;Sattl;Sattl;Sattl;;;;;;;;;x
PROV128;Krimml;Krimml;Krimml;;;;;;;;;x
PROV129;Eindhoutham;Eindhoutham;Eindhoutham;;;;;;;;;x
PROV130;Joffen;Joffen;Joffen;;;;;;;;;x
PROV131;Dampremmy;Dampremmy;Dampremmy;;;;;;;;;x
PROV132;Boeslinter;Boeslinter;Boeslinter;;;;;;;;;x
PROV133;Seven Stars;Seven Stars;Seven Stars;;;;;;;;;x
PROV134;Langenlochting;Langenlochting;Langenlochting;;;;;;;;;x
PROV135;Faiknov;Faiknov;Faiknov;;;;;;;;;x
PROV136;Wschetat;Wschetat;Wschetat;;;;;;;;;x
PROV137;Dvorek;Dvorek;Dvorek;;;;;;;;;x
PROV138;Libiva;Libiva;Libiva;;;;;;;;;x
PROV139;Seberov;Seberov;Seberov;;;;;;;;;x
PROV140;Witham;Witham;Witham;;;;;;;;;x
PROV141;Barfreston;Barfreston;Barfreston;;;;;;;;;x
PROV142;Bury;Bury;Bury;;;;;;;;;x
PROV143;Evesloch;Evesloch;Evesloch;;;;;;;;;x
PROV144;Northhallterton;Northhallterton;Northhallterton;;;;;;;;;x
PROV145;Ashingdon;Ashingdon;Ashingdon;;;;;;;;;x
PROV146;Horsham;Horsham;Horsham;;;;;;;;;x
PROV147;Kimbolton;Kimbolton;Kimbolton;;;;;;;;;x
PROV148;Pamproux;Pamproux;Pamproux;;;;;;;;;x
PROV149;Campadonico;Campadonico;Campadonico;;;;;;;;;x
PROV150;Naing;Naing;Naing;;;;;;;;;x
PROV151;Loye;Loye;Loye;;;;;;;;;x
PROV152;Seven's River;Seven's River;Seven's River;;;;;;;;;x
PROV153;Hugorvale;Hugorvale;Hugorvale;;;;;;;;;x
PROV154;Laboule;Laboule;Laboule;;;;;;;;;x
PROV155;Lostau;Lostau;Lostau;;;;;;;;;x
PROV156;Barringdor;Barringdor;Barringdor;;;;;;;;;x
PROV157;Pentos;Pentos;Pentos;;;;;;;;;x
PROV158;Prince's Palace;Prince's Palace;Prince's Palace;;;;;;;;;x
PROV159;Pentos Harbor;Pentos Harbor;Pentos Harbor;;;;;;;;;x
PROV160;Spicer Towers;Spicer Towers;Spicer Towers;;;;;;;;;x
PROV161;The Great Arm;The Great Arm;The Great Arm;;;;;;;;;x
PROV162;Tolotti;Tolotti;Tolotti;;;;;;;;;x
PROV163;Sciolze;Sciolze;Sciolze;;;;;;;;;x
PROV164;Roccastrada;Roccastrada;Roccastrada;;;;;;;;;x
PROV165;Solimbergo;Solimbergo;Solimbergo;;;;;;;;;x
PROV166;Coronella;Coronella;Coronella;;;;;;;;;x
PROV167;Red Temple;Red Temple;Red Temple;;;;;;;;;x
PROV168;Cesena;Cesena;Cesena;;;;;;;;;x
PROV169;Costalta;Costalta;Costalta;;;;;;;;;x
PROV170;Zuri;Zuri;Zuri;;;;;;;;;x
PROV171;Olynos;Olynos;Olynos;;;;;;;;;x
PROV172;Roiate;Roiate;Roiate;;;;;;;;;x
PROV173;Cavizzano;Cavizzano;Cavizzano;;;;;;;;;x
PROV174;Collina;Collina;Collina;;;;;;;;;x
PROV175;Prince's Shore;Prince's Shore;Prince's Shore;;;;;;;;;x
PROV176;Portico;Portico;Portico;;;;;;;;;x
PROV177;Terni;Terni;Terni;;;;;;;;;x
PROV178;Bocchiglicro;Bocchiglicro;Bocchiglicro;;;;;;;;;x
PROV179;Sunrise Gate;Sunrise Gate;Sunrise Gate;;;;;;;;;x
PROV180;Panettieri;Panettieri;Panettieri;;;;;;;;;x
PROV181;Avellino;Avellino;Avellino;;;;;;;;;x
PROV182;Rossana;Rossana;Rossana;;;;;;;;;x
PROV183;Sunset Road;Sunset Road;Sunset Road;;;;;;;;;x
PROV184;Corvaro;Corvaro;Corvaro;;;;;;;;;x
PROV185;Cumiana;Cumiana;Cumiana;;;;;;;;;x
PROV186;Berylos;Berylos;Berylos;;;;;;;;;x
PROV187;Valdinace;Valdinace;Valdinace;;;;;;;;;x
PROV188;Serraro;Serraro;Serraro;;;;;;;;;x
PROV189;Cristofano;Cristofano;Cristofano;;;;;;;;;x
PROV190;Velvet Hill;Velvet Hill;Velvet Hill;;;;;;;;;x
PROV191;Velvet March;Velvet March;Velvet March;;;;;;;;;x
PROV192;Velvet Peak;Velvet Peak;Velvet Peak;;;;;;;;;x
PROV193;Spropolo;Spropolo;Spropolo;;;;;;;;;x
PROV194;Far Eyes;Far Eyes;Far Eyes;;;;;;;;;x
PROV195;Laurignano;Laurignano;Laurignano;;;;;;;;;x
PROV196;Stoccareddo;Stoccareddo;Stoccareddo;;;;;;;;;x
PROV197;Ghoyan Drohe;Ghoyan Drohe;Ghoyan Drohe;;;;;;;;;x
PROV198;Gradiscutta;Gradiscutta;Gradiscutta;;;;;;;;;x
PROV199;Ripattone;Ripattone;Ripattone;;;;;;;;;x
PROV200;Aliminusa;Aliminusa;Aliminusa;;;;;;;;;x
PROV201;Sar Moyhan;Sar Moyhan;Sar Moyhan;;;;;;;;;x
PROV202;Bressa;Bressa;Bressa;;;;;;;;;x
PROV203;Butino;Butino;Butino;;;;;;;;;x
PROV204;Laratta;Laratta;Laratta;;;;;;;;;x
PROV205;Little Rhoyne;Little Rhoyne;Little Rhoyne;;;;;;;;;x
PROV206;Sardo;Sardo;Sardo;;;;;;;;;x
PROV207;Bardolino;Bardolino;Bardolino;;;;;;;;;x
PROV208;Flatland Keep;Flatland Keep;Flatland Keep;;;;;;;;;x
PROV209;Bibbiano;Bibbiano;Bibbiano;;;;;;;;;x
PROV210;Grattacasolo;Grattacasolo;Grattacasolo;;;;;;;;;x
PROV211;Romagnoli;Romagnoli;Romagnoli;;;;;;;;;x
PROV212;Amenos;Amenos;Amenos;;;;;;;;;x
PROV213;Cacnere;Cacnere;Cacnere;;;;;;;;;x
PROV214;Percotto;Percotto;Percotto;;;;;;;;;x
PROV215;Zanacchi;Zanacchi;Zanacchi;;;;;;;;;x
PROV216;Arkon;Arkon;Arkon;;;;;;;;;x
PROV217;Verna;Verna;Verna;;;;;;;;;x
PROV218;San Miniato;San Miniato;San Miniato;;;;;;;;;x
PROV219;Collistano;Collistano;Collistano;;;;;;;;;x
PROV220;Lake of Myrth;Lake of Myrth;Lake of Myrth;;;;;;;;;x
PROV221;Gravagliana;Gravagliana;Gravagliana;;;;;;;;;x
PROV222;Bevagna;Bevagna;Bevagna;;;;;;;;;x
PROV223;Polvica;Polvica;Polvica;;;;;;;;;x
PROV224;Nontelos;Nontelos;Nontelos;;;;;;;;;x
PROV225;Lisorno;Lisorno;Lisorno;;;;;;;;;x
PROV226;Provessa;Provessa;Provessa;;;;;;;;;x
PROV227;Battifero;Battifero;Battifero;;;;;;;;;x
PROV228;Samal;Samal;Samal;;;;;;;;;x
PROV229;Santa Flavia;Santa Flavia;Santa Flavia;;;;;;;;;x
PROV230;Parantoro;Parantoro;Parantoro;;;;;;;;;x
PROV231;Mylonos;Mylonos;Mylonos;;;;;;;;;x
PROV232;Agrigento;Agrigento;Agrigento;;;;;;;;;x
PROV233;Pulsano;Pulsano;Pulsano;;;;;;;;;x
PROV234;Campionna;Campionna;Campionna;;;;;;;;;x
PROV235;Drena;Drena;Drena;;;;;;;;;x
PROV236;Valdirame;Valdirame;Valdirame;;;;;;;;;x
PROV237;Tornareccio;Tornareccio;Tornareccio;;;;;;;;;x
PROV238;Iatrinoli;Iatrinoli;Iatrinoli;;;;;;;;;x
PROV239;Corva;Corva;Corva;;;;;;;;;x
PROV240;Cerregio;Cerregio;Cerregio;;;;;;;;;x
PROV241;Myrish Harbour;Myrish Harbour;Myrish Harbour;;;;;;;;;x
PROV242;Myr;Myr;Myr;;;;;;;;;x
PROV243;Bay of Myr;Bay of Myr;Bay of Myr;;;;;;;;;x
PROV244;Tartamudo;Tartamudo;Tartamudo;;;;;;;;;x
PROV245;Mallorquinas;Mallorquinas;Mallorquinas;;;;;;;;;x
PROV246;Savorgnano;Savorgnano;Savorgnano;;;;;;;;;x
PROV247;Lace Tower;Lace Tower;Lace Tower;;;;;;;;;x
PROV248;Arrouquelas;Arrouquelas;Arrouquelas;;;;;;;;;x
PROV249;Vergada;Vergada;Vergada;;;;;;;;;x
PROV250;Telhiro;Telhiro;Telhiro;;;;;;;;;x
PROV251;Green Gate;Green Gate;Green Gate;;;;;;;;;x
PROV252;Bernardes;Bernardes;Bernardes;;;;;;;;;x
PROV253;Sebal;Sebal;Sebal;;;;;;;;;x
PROV254;Luminile;Luminile;Luminile;;;;;;;;;x
PROV255;Costis;Costis;Costis;;;;;;;;;x
PROV256;Nymolis;Nymolis;Nymolis;;;;;;;;;x
PROV257;Hirean;Hirean;Hirean;;;;;;;;;x
PROV258;Ratin;Ratin;Ratin;;;;;;;;;x
PROV259;Uliesi;Uliesi;Uliesi;;;;;;;;;x
PROV260;Vyrelos;Vyrelos;Vyrelos;;;;;;;;;x
PROV261;Greenlace;Greenlace;Greenlace;;;;;;;;;x
PROV262;Vigtana;Vigtana;Vigtana;;;;;;;;;x
PROV263;Plains of Myr;Plains of Myr;Plains of Myr;;;;;;;;;x
PROV264;Mecolalde;Mecolalde;Mecolalde;;;;;;;;;x
PROV265;Becimyr;Becimyr;Becimyr;;;;;;;;;x
PROV266;Campanar;Campanar;Campanar;;;;;;;;;x
PROV267;Latnyr;Latnyr;Latnyr;;;;;;;;;x
PROV268;Pojske;Pojske;Pojske;;;;;;;;;x
PROV269;Bazine;Bazine;Bazine;;;;;;;;;x
PROV270;Lockvag;Lockvag;Lockvag;;;;;;;;;x
PROV271;Forest of Myr;Forest of Myr;Forest of Myr;;;;;;;;;x
PROV272;Kiper;Kiper;Kiper;;;;;;;;;x
PROV273;Sudari;Sudari;Sudari;;;;;;;;;x
PROV274;Gradets;Gradets;Gradets;;;;;;;;;x
PROV275;Myrwater;Myrwater;Myrwater;;;;;;;;;x
PROV276;Pralatu;Pralatu;Pralatu;;;;;;;;;x
PROV277;Eller;Eller;Eller;;;;;;;;;x
PROV278;Drelyia;Drelyia;Drelyia;;;;;;;;;x
PROV279;Lazartli;Lazartli;Lazartli;;;;;;;;;x
PROV280;Zmeivo;Zmeivo;Zmeivo;;;;;;;;;x
PROV281;Lortyr Bay;Lortyr Bay;Lortyr Bay;;;;;;;;;x
PROV282;Pula;Pula;Pula;;;;;;;;;x
PROV283;Podjarum;Podjarum;Podjarum;;;;;;;;;x
PROV284;Longlake;Longlake;Longlake;;;;;;;;;x
PROV285;Puljane;Puljane;Puljane;;;;;;;;;x
PROV286;Banovci;Banovci;Banovci;;;;;;;;;x
PROV287;Byloth;Byloth;Byloth;;;;;;;;;x
PROV288;Podgradina;Podgradina;Podgradina;;;;;;;;;x
PROV289;Karystos;Karystos;Karystos;;;;;;;;;x
PROV290;Bisse;Bisse;Bisse;;;;;;;;;x
PROV291;Nymyrelor;Nymyrelor;Nymyrelor;;;;;;;;;x
PROV292;Csinapuzta;Csinapuzta;Csinapuzta;;;;;;;;;x
PROV293;Piszke;Piszke;Piszke;;;;;;;;;x
PROV294;Kastri;Kastri;Kastri;;;;;;;;;x
PROV295;Little Tyrosh;Little Tyrosh;Little Tyrosh;;;;;;;;;x
PROV296;Tyroshi Watch;Tyroshi Watch;Tyroshi Watch;;;;;;;;;x
PROV297;Tyrosh;Tyrosh;Tyrosh;;;;;;;;;x
PROV298;Eastern Tyrosh;Eastern Tyrosh;Eastern Tyrosh;;;;;;;;;x
PROV299;Bleeding Tower;Bleeding Tower;Bleeding Tower;;;;;;;;;x
PROV300;Tyrosh Harbour;Tyrosh Harbour;Tyrosh Harbour;;;;;;;;;x
PROV301;Falcioni;Falcioni;Falcioni;;;;;;;;;x
PROV302;Balzo;Balzo;Balzo;;;;;;;;;x
PROV303;Grand Fountain;Grand Fountain;Grand Fountain;;;;;;;;;x
PROV304;Trava;Trava;Trava;;;;;;;;;x
PROV305;Agnadello;Agnadello;Agnadello;;;;;;;;;x
PROV306;Pavicolo;Pavicolo;Pavicolo;;;;;;;;;x
PROV307;Trios;Trios;Trios;;;;;;;;;x
PROV308;Third Holdfast;Third Holdfast;Third Holdfast;;;;;;;;;x
PROV309;Urzelhe;Urzelhe;Urzelhe;;;;;;;;;x
PROV310;Lemenhe;Lemenhe;Lemenhe;;;;;;;;;x
PROV311;Zernosh;Zernosh;Zernosh;;;;;;;;;x
PROV312;Porrais;Porrais;Porrais;;;;;;;;;x
PROV313;Chorosa;Chorosa;Chorosa;;;;;;;;;x
PROV314;Alatri;Alatri;Alatri;;;;;;;;;x
PROV315;Dynelos;Dynelos;Dynelos;;;;;;;;;x
PROV316;Dragenesti;Dragenesti;Dragenesti;;;;;;;;;x
PROV317;Frunzeni;Frunzeni;Frunzeni;;;;;;;;;x
PROV318;Homoroade;Homoroade;Homoroade;;;;;;;;;x
PROV319;Tyroshi Landing;Tyroshi Landing;Tyroshi Landing;;;;;;;;;x
PROV320;Dulleo;Dulleo;Dulleo;;;;;;;;;x
PROV321;Negoueil;Negoueil;Negoueil;;;;;;;;;x
PROV322;Kylos;Kylos;Kylos;;;;;;;;;x
PROV323;Pieragullano;Pieragullano;Pieragullano;;;;;;;;;x
PROV324;Pillar;Pillar;Pillar;;;;;;;;;x
PROV325;Ultramort;Ultramort;Ultramort;;;;;;;;;x
PROV326;Disputed Keep;Disputed Keep;Disputed Keep;;;;;;;;;x
PROV327;Mozoncillo;Mozoncillo;Mozoncillo;;;;;;;;;x
PROV328;Hernialde;Hernialde;Hernialde;;;;;;;;;x
PROV329;Obadica;Obadica;Obadica;;;;;;;;;x
PROV330;Vysos;Vysos;Vysos;;;;;;;;;x
PROV331;Oklaj;Oklaj;Oklaj;;;;;;;;;x
PROV332;Bikic;Bikic;Bikic;;;;;;;;;x
PROV333;Milodraj;Milodraj;Milodraj;;;;;;;;;x
PROV334;Brusovi;Brusovi;Brusovi;;;;;;;;;x
PROV335;Bobota;Bobota;Bobota;;;;;;;;;x
PROV336;Cerovac;Cerovac;Cerovac;;;;;;;;;x
PROV337;Messo;Messo;Messo;;;;;;;;;x
PROV338;Gvozd;Gvozd;Gvozd;;;;;;;;;x
PROV339;Lysene Harbour;Lysene Harbour;Lysene Harbour;;;;;;;;;x
PROV340;Pleasure Gardens;Pleasure Gardens;Pleasure Gardens;;;;;;;;;x
PROV341;Tear Tower;Tear Tower;Tear Tower;;;;;;;;;x
PROV342;Numys;Numys;Numys;;;;;;;;;x
PROV343;Lentorys;Lentorys;Lentorys;;;;;;;;;x
PROV344;Lys;Lys;Lys;;;;;;;;;x
PROV345;Dyreno Hill;Dyreno Hill;Dyreno Hill;;;;;;;;;x
PROV346;Tompojevci;Tompojevci;Tompojevci;;;;;;;;;x
PROV347;Perlakimajor;Perlakimajor;Perlakimajor;;;;;;;;;x
PROV348;Endltanya;Endltanya;Endltanya;;;;;;;;;x
PROV349;Caudota;Caudota;Caudota;;;;;;;;;x
PROV350;Larissa;Larissa;Larissa;;;;;;;;;x
PROV351;Disputed Forest;Disputed Forest;Disputed Forest;;;;;;;;;x
PROV352;Szalmadpustza;Szalmadpustza;Szalmadpustza;;;;;;;;;x
PROV353;Pilisszen;Pilisszen;Pilisszen;;;;;;;;;x
PROV354;Kereszt;Kereszt;Kereszt;;;;;;;;;x
PROV355;Mesylosh;Mesylosh;Mesylosh;;;;;;;;;x
PROV356;Caslgrande;Caslgrande;Caslgrande;;;;;;;;;x
PROV357;Caprazinno;Caprazinno;Caprazinno;;;;;;;;;x
PROV358;Musile;Musile;Musile;;;;;;;;;x
PROV359;Silkhead;Silkhead;Silkhead;;;;;;;;;x
PROV360;Valefanera;Valefanera;Valefanera;;;;;;;;;x
PROV361;Stanganello;Stanganello;Stanganello;;;;;;;;;x
PROV362;Alfergemil;Alfergemil;Alfergemil;;;;;;;;;x
PROV363;Lustosa;Lustosa;Lustosa;;;;;;;;;x
PROV364;Cidreira;Cidreira;Cidreira;;;;;;;;;x
PROV365;Sanguinheira;Sanguinheira;Sanguinheira;;;;;;;;;x
PROV366;Abotega;Abotega;Abotega;;;;;;;;;x
PROV367;Bogdanesti;Bogdanesti;Bogdanesti;;;;;;;;;x
PROV368;Covragiu;Covragiu;Covragiu;;;;;;;;;x
PROV369;Bunoaica;Bunoaica;Bunoaica;;;;;;;;;x
PROV370;Libotin;Libotin;Libotin;;;;;;;;;x
PROV371;Stejarii;Stejarii;Stejarii;;;;;;;;;x
PROV372;Abdera;Abdera;Abdera;;;;;;;;;x
PROV373;Briheuga;Briheuga;Briheuga;;;;;;;;;x
PROV374;Ahigal;Ahigal;Ahigal;;;;;;;;;x
PROV375;Calduelra;Calduelra;Calduelra;;;;;;;;;x
PROV376;Caudete;Caudete;Caudete;;;;;;;;;x
PROV377;Padjeni;Padjeni;Padjeni;;;;;;;;;x
PROV378;Jardol;Jardol;Jardol;;;;;;;;;x
PROV379;Ipota;Ipota;Ipota;;;;;;;;;x
PROV380;Kolonija;Kolonija;Kolonija;;;;;;;;;x
PROV381;Pacjani;Pacjani;Pacjani;;;;;;;;;x
PROV382;Carsette;Carsette;Carsette;;;;;;;;;x
PROV383;Vodovica;Vodovica;Vodovica;;;;;;;;;x
PROV384;Vranjca;Vranjca;Vranjca;;;;;;;;;x
PROV385;Smokovina;Smokovina;Smokovina;;;;;;;;;x
PROV386;Pozder;Pozder;Pozder;;;;;;;;;x
PROV387;Csernely;Csernely;Csernely;;;;;;;;;x
PROV388;Kincsestanya;Kincsestanya;Kincsestanya;;;;;;;;;x
PROV389;Iklad;Iklad;Iklad;;;;;;;;;x
PROV390;Benditana;Benditana;Benditana;;;;;;;;;x
PROV391;Tegea;Tegea;Tegea;;;;;;;;;x
PROV392;Pignona;Pignona;Pignona;;;;;;;;;x
PROV393;Trento;Trento;Trento;;;;;;;;;x
PROV394;Dego;Dego;Dego;;;;;;;;;x
PROV395;Masuldo;Masuldo;Masuldo;;;;;;;;;x
PROV396;Castelsardo;Castelsardo;Castelsardo;;;;;;;;;x
PROV397;Bloodstone;Bloodstone;Bloodstone;;;;;;;;;x
PROV398;Wreckstone;Wreckstone;Wreckstone;;;;;;;;;x
PROV399;Free Man's Isle;Free Man's Isle;Free Man's Isle;;;;;;;;;x
PROV400;Buried Refuge;Buried Refuge;Buried Refuge;;;;;;;;;x
PROV401;Sunstone;Sunstone;Sunstone;;;;;;;;;x
PROV402;Shame Isle;Shame Isle;Shame Isle;;;;;;;;;x
PROV403;Corsair's Keep;Corsair's Keep;Corsair's Keep;;;;;;;;;x
PROV404;Sanguine Sanctuary;Sanguine Sanctuary;Sanguine Sanctuary;;;;;;;;;x
PROV405;Hell's Rock;Hell's Rock;Hell's Rock;;;;;;;;;x
PROV406;Darkden;Darkden;Darkden;;;;;;;;;x
PROV407;Maroon Cavern;Maroon Cavern;Maroon Cavern;;;;;;;;;x
PROV408;Jagged Stone;Jagged Stone;Jagged Stone;;;;;;;;;x
PROV409;Skullfort;Skullfort;Skullfort;;;;;;;;;x
PROV410;Bay of Doom;Bay of Doom;Bay of Doom;;;;;;;;;x
PROV411;Grey Gallows;Grey Gallows;Grey Gallows;;;;;;;;;x
PROV412;Torturer's Deep;Torturer's Deep;Torturer's Deep;;;;;;;;;x
PROV413;Last Refuge;Last Refuge;Last Refuge;;;;;;;;;x
PROV414;Silverport;Silverport;Silverport;;;;;;;;;x
PROV415;Bloody Crescent;Bloody Crescent;Bloody Crescent;;;;;;;;;x
PROV416;Shipwreck Sound;Shipwreck Sound;Shipwreck Sound;;;;;;;;;x
PROV417;Privateer Isle;Privateer Isle;Privateer Isle;;;;;;;;;x
PROV418;Sunken Cavern;Sunken Cavern;Sunken Cavern;;;;;;;;;x
PROV419;Faithless Stone;Faithless Stone;Faithless Stone;;;;;;;;;x
PROV420;Redsand Port;Redsand Port;Redsand Port;;;;;;;;;x
PROV421;Devil's Retreat;Devil's Retreat;Devil's Retreat;;;;;;;;;x
PROV422;Hangman Hold;Hangman Hold;Hangman Hold;;;;;;;;;x
PROV423;Krakenfast;Krakenfast;Krakenfast;;;;;;;;;x
PROV424;Crimson Step;Crimson Step;Crimson Step;;;;;;;;;x
PROV425;Full Moon Sanctuary;Full Moon Sanctuary;Full Moon Sanctuary;;;;;;;;;x
PROV426;Buried Port;Buried Port;Buried Port;;;;;;;;;x
PROV427;Seadog Cove;Seadog Cove;Seadog Cove;;;;;;;;;x
PROV428;Water Gardens;Water Gardens;Water Gardens;;;;;;;;;x
PROV429;Sunspear;Sunspear;Sunspear;;;;;;;;;x
PROV430;Spear Tower;Spear Tower;Spear Tower;;;;;;;;;x
PROV431;The Shadow Town;The Shadow Town;The Shadow Town;;;;;;;;;x
PROV432;Tower of the Sun;Tower of the Sun;Tower of the Sun;;;;;;;;;x
PROV433;Spotswood;Spotswood;Spotswood;;;;;;;;;x
PROV434;Olivegrove;Olivegrove;Olivegrove;;;;;;;;;x
PROV435;Greystoke;Greystoke;Greystoke;;;;;;;;;x
PROV436;Broken Arm Holdfast;Broken Arm Holdfast;Broken Arm Holdfast;;;;;;;;;x
PROV437;Threefold Gate;Threefold Gate;Threefold Gate;;;;;;;;;x
PROV438;Tribunal;Tribunal;Tribunal;;;;;;;;;x
PROV439;Sharkshore;Sharkshore;Sharkshore;;;;;;;;;x
PROV440;Ghost Hill;Ghost Hill;Ghost Hill;;;;;;;;;x
PROV441;Old Palace;Old Palace;Old Palace;;;;;;;;;x
PROV442;Thornford;Thornford;Thornford;;;;;;;;;x
PROV443;Whitecliff;Whitecliff;Whitecliff;;;;;;;;;x
PROV444;Planky Town;Planky Town;Planky Town;;;;;;;;;x
PROV445;Bloodspill;Bloodspill;Bloodspill;;;;;;;;;x
PROV446;Viper's Nest;Viper's Nest;Viper's Nest;;;;;;;;;x
PROV447;Longdike;Longdike;Longdike;;;;;;;;;x
PROV448;The Tor;The Tor;The Tor;;;;;;;;;x
PROV449;Sandgate;Sandgate;Sandgate;;;;;;;;;x
PROV450;Amber;Amber;Amber;;;;;;;;;x
PROV451;Bushmills;Bushmills;Bushmills;;;;;;;;;x
PROV452;God's Grace;God's Grace;God's Grace;;;;;;;;;x
PROV453;Rhoyne's Tear;Rhoyne's Tear;Rhoyne's Tear;;;;;;;;;x
PROV454;Santon;Santon;Santon;;;;;;;;;x
PROV455;Deadglade;Deadglade;Deadglade;;;;;;;;;x
PROV456;Blackwell;Blackwell;Blackwell;;;;;;;;;x
PROV457;Allendale;Allendale;Allendale;;;;;;;;;x
PROV458;Old Glory;Old Glory;Old Glory;;;;;;;;;x
PROV459;Ghaston Grey;Ghaston Grey;Ghaston Grey;;;;;;;;;x
PROV460;Greyport;Greyport;Greyport;;;;;;;;;x
PROV461;Sandwall;Sandwall;Sandwall;;;;;;;;;x
PROV462;Vaith;Vaith;Vaith;;;;;;;;;x
PROV463;Red Dunes;Red Dunes;Red Dunes;;;;;;;;;x
PROV464;Scorched Rock;Scorched Rock;Scorched Rock;;;;;;;;;x
PROV465;Hold by the River;Hold by the River;Hold by the River;;;;;;;;;x
PROV466;Lemonwood;Lemonwood;Lemonwood;;;;;;;;;x
PROV467;Sourton;Sourton;Sourton;;;;;;;;;x
PROV468;Old Lord's Manor;Old Lord's Manor;Old Lord's Manor;;;;;;;;;x
PROV469;Miller's Town;Miller's Town;Miller's Town;;;;;;;;;x
PROV470;The Barrows;The Barrows;The Barrows;;;;;;;;;x
PROV471;Seven Graces;Seven Graces;Seven Graces;;;;;;;;;x
PROV472;Nymencairn;Nymencairn;Nymencairn;;;;;;;;;x
PROV473;Halls of the Dead;Halls of the Dead;Halls of the Dead;;;;;;;;;x
PROV474;The Scourge;The Scourge;The Scourge;;;;;;;;;x
PROV475;Sunburst;Sunburst;Sunburst;;;;;;;;;x
PROV476;Scourge Ford;Scourge Ford;Scourge Ford;;;;;;;;;x
PROV477;Maidentower;Maidentower;Maidentower;;;;;;;;;x
PROV478;Salt Shore;Salt Shore;Salt Shore;;;;;;;;;x
PROV479;Whiskerville;Whiskerville;Whiskerville;;;;;;;;;x
PROV480;Ferry;Ferry;Ferry;;;;;;;;;x
PROV481;Desert Hearth;Desert Hearth;Desert Hearth;;;;;;;;;x
PROV482;Mothertower;Mothertower;Mothertower;;;;;;;;;x
PROV483;Brimstone;Brimstone;Brimstone;;;;;;;;;x
PROV484;Blood Bridge;Blood Bridge;Blood Bridge;;;;;;;;;x
PROV485;Jackal's Den;Jackal's Den;Jackal's Den;;;;;;;;;x
PROV486;Nymerwell;Nymerwell;Nymerwell;;;;;;;;;x
PROV487;Blackmont;Blackmont;Blackmont;;;;;;;;;x
PROV488;Gravesend;Gravesend;Gravesend;;;;;;;;;x
PROV489;Dust Hall;Dust Hall;Dust Hall;;;;;;;;;x
PROV490;Starfall;Starfall;Starfall;;;;;;;;;x
PROV491;Silent Watcher;Silent Watcher;Silent Watcher;;;;;;;;;x
PROV492;Evening Coast;Evening Coast;Evening Coast;;;;;;;;;x
PROV493;Saltmines;Saltmines;Saltmines;;;;;;;;;x
PROV494;Palestone Sword;Palestone Sword;Palestone Sword;;;;;;;;;x
PROV495;Moonkeep;Moonkeep;Moonkeep;;;;;;;;;x
PROV496;Skyreach;Skyreach;Skyreach;;;;;;;;;x
PROV497;Redmile;Redmile;Redmile;;;;;;;;;x
PROV498;Blackpool;Blackpool;Blackpool;;;;;;;;;x
PROV499;Falconhand;Falconhand;Falconhand;;;;;;;;;x
PROV500;Sandstone;Sandstone;Sandstone;;;;;;;;;x
PROV501;Shady Sands;Shady Sands;Shady Sands;;;;;;;;;x
PROV502;Vart;Vart;Vart;;;;;;;;;x
PROV503;Goodsprings;Goodsprings;Goodsprings;;;;;;;;;x
PROV504;The Fallen;The Fallen;The Fallen;;;;;;;;;x
PROV505;King's Grave;King's Grave;King's Grave;;;;;;;;;x
PROV506;Burnt Woods;Burnt Woods;Burnt Woods;;;;;;;;;x
PROV507;Dusk Tower;Dusk Tower;Dusk Tower;;;;;;;;;x
PROV508;Hellholt;Hellholt;Hellholt;;;;;;;;;x
PROV509;Fiend Keep;Fiend Keep;Fiend Keep;;;;;;;;;x
PROV510;Tidmarsh;Tidmarsh;Tidmarsh;;;;;;;;;x
PROV511;Yronwood;Yronwood;Yronwood;;;;;;;;;x
PROV512;Watersmeet;Watersmeet;Watersmeet;;;;;;;;;x
PROV513;Stonegate;Stonegate;Stonegate;;;;;;;;;x
PROV514;Bushelfair;Bushelfair;Bushelfair;;;;;;;;;x
PROV515;Vulture Keep;Vulture Keep;Vulture Keep;;;;;;;;;x
PROV516;Way Watcher;Way Watcher;Way Watcher;;;;;;;;;x
PROV517;Lime Castle;Lime Castle;Lime Castle;;;;;;;;;x
PROV518;Southmere;Southmere;Southmere;;;;;;;;;x
PROV519;Boneway;Boneway;Boneway;;;;;;;;;x
PROV520;Wythmail;Wythmail;Wythmail;;;;;;;;;x
PROV521;Nightfall;Nightfall;Nightfall;;;;;;;;;x
PROV522;Battlehill;Battlehill;Battlehill;;;;;;;;;x
PROV523;Wyl;Wyl;Wyl;;;;;;;;;x
PROV524;Rose Coast;Rose Coast;Rose Coast;;;;;;;;;x
PROV525;Meadow Keep;Meadow Keep;Meadow Keep;;;;;;;;;x
PROV526;Bardshome;Bardshome;Bardshome;;;;;;;;;x
PROV527;Highgarden;Highgarden;Highgarden;;;;;;;;;x
PROV528;Apple Hall;Apple Hall;Apple Hall;;;;;;;;;x
PROV529;Starpike;Starpike;Starpike;;;;;;;;;x
PROV530;Holyhall;Holyhall;Holyhall;;;;;;;;;x
PROV531;Tower of Joy;Tower of Joy;Tower of Joy;;;;;;;;;x
PROV532;Yellshire;Yellshire;Yellshire;;;;;;;;;x
PROV533;Cider Hall;Cider Hall;Cider Hall;;;;;;;;;x
PROV534;Ashford;Ashford;Ashford;;;;;;;;;x
PROV535;Hastwyck;Hastwyck;Hastwyck;;;;;;;;;x
PROV536;Appleton;Appleton;Appleton;;;;;;;;;x
PROV537;Wynecoast;Wynecoast;Wynecoast;;;;;;;;;x
PROV538;Oldwyne;Oldwyne;Oldwyne;;;;;;;;;x
PROV539;Wyneport;Wyneport;Wyneport;;;;;;;;;x
PROV540;Wyneshield;Wyneshield;Wyneshield;;;;;;;;;x
PROV541;The Arbor;The Arbor;The Arbor;;;;;;;;;x
PROV542;Oldguard;Oldguard;Oldguard;;;;;;;;;x
PROV543;Sevenland;Sevenland;Sevenland;;;;;;;;;x
PROV544;Oldtown;Oldtown;Oldtown;;;;;;;;;x
PROV545;The Grey Garden;The Grey Garden;The Grey Garden;;;;;;;;;x
PROV546;Towton;Towton;Towton;;;;;;;;;x
PROV547;Three Towers;Three Towers;Three Towers;;;;;;;;;x
PROV548;Maiden's Rest;Maiden's Rest;Maiden's Rest;;;;;;;;;x
PROV549;Derbie;Derbie;Derbie;;;;;;;;;x
PROV550;Dawntower;Dawntower;Dawntower;;;;;;;;;x
PROV551;Redsun;Redsun;Redsun;;;;;;;;;x
PROV552;Sunflower Fields;Sunflower Fields;Sunflower Fields;;;;;;;;;x
PROV553;Sunhouse;Sunhouse;Sunhouse;;;;;;;;;x
PROV554;Falmouth;Falmouth;Falmouth;;;;;;;;;x
PROV555;Camborne;Camborne;Camborne;;;;;;;;;x
PROV556;Lowland Keep;Lowland Keep;Lowland Keep;;;;;;;;;x
PROV557;Helston;Helston;Helston;;;;;;;;;x
PROV558;Bodmin;Bodmin;Bodmin;;;;;;;;;x
PROV559;Blackcrown;Blackcrown;Blackcrown;;;;;;;;;x
PROV560;Oldcrown;Oldcrown;Oldcrown;;;;;;;;;x
PROV561;Greyland;Greyland;Greyland;;;;;;;;;x
PROV562;Twinstock;Twinstock;Twinstock;;;;;;;;;x
PROV563;Bandallon;Bandallon;Bandallon;;;;;;;;;x
PROV564;Badcoast;Badcoast;Badcoast;;;;;;;;;x
PROV565;Bandland;Bandland;Bandland;;;;;;;;;x
PROV566;Widemouth Bay;Widemouth Bay;Widemouth Bay;;;;;;;;;x
PROV567;Capribad;Capribad;Capribad;;;;;;;;;x
PROV568;Twinsbury;Twinsbury;Twinsbury;;;;;;;;;x
PROV569;Evesham;Evesham;Evesham;;;;;;;;;x
PROV570;Brightwater Keep;Brightwater Keep;Brightwater Keep;;;;;;;;;x
PROV571;Safford;Safford;Safford;;;;;;;;;x
PROV572;Warchester;Warchester;Warchester;;;;;;;;;x
PROV573;Green House;Green House;Green House;;;;;;;;;x
PROV574;Gardner's Beach;Gardner's Beach;Gardner's Beach;;;;;;;;;x
PROV575;Grassfield;Grassfield;Grassfield;;;;;;;;;x
PROV576;Greentown;Greentown;Greentown;;;;;;;;;x
PROV577;Darkdell;Darkdell;Darkdell;;;;;;;;;x
PROV578;Eversweet;Eversweet;Eversweet;;;;;;;;;x
PROV579;Middlebury;Middlebury;Middlebury;;;;;;;;;x
PROV580;Honeyholt;Honeyholt;Honeyholt;;;;;;;;;x
PROV581;Wynestead;Wynestead;Wynestead;;;;;;;;;x
PROV582;Upland;Upland;Upland;;;;;;;;;x
PROV583;Horn Hill;Horn Hill;Horn Hill;;;;;;;;;x
PROV584;Fawn Crag;Fawn Crag;Fawn Crag;;;;;;;;;x
PROV585;Hammerhall;Hammerhall;Hammerhall;;;;;;;;;x
PROV586;Manderford;Manderford;Manderford;;;;;;;;;x
PROV587;Eaton;Eaton;Eaton;;;;;;;;;x
PROV588;Noxcross;Noxcross;Noxcross;;;;;;;;;x
PROV589;Entraman;Entraman;Entraman;;;;;;;;;x
PROV590;Shieldcoast;Shieldcoast;Shieldcoast;;;;;;;;;x
PROV591;Longborough;Longborough;Longborough;;;;;;;;;x
PROV592;Oldmander;Oldmander;Oldmander;;;;;;;;;x
PROV593;Rutland;Rutland;Rutland;;;;;;;;;x
PROV594;Mander Keep;Mander Keep;Mander Keep;;;;;;;;;x
PROV595;Manfield;Manfield;Manfield;;;;;;;;;x
PROV596;Old Oak;Old Oak;Old Oak;;;;;;;;;x
PROV597;Catswold;Catswold;Catswold;;;;;;;;;x
PROV598;Red Lake;Red Lake;Red Lake;;;;;;;;;x
PROV599;Westbrook;Westbrook;Westbrook;;;;;;;;;x
PROV600;Wallsal;Wallsal;Wallsal;;;;;;;;;x
PROV601;Smallwood;Smallwood;Smallwood;;;;;;;;;x
PROV602;Goldengrove;Goldengrove;Goldengrove;;;;;;;;;x
PROV603;Ivy Hall;Ivy Hall;Ivy Hall;;;;;;;;;x
PROV604;Smithton;Smithton;Smithton;;;;;;;;;x
PROV605;Harpshire;Harpshire;Harpshire;;;;;;;;;x
PROV606;The Ring;The Ring;The Ring;;;;;;;;;x
PROV607;Inchfield;Inchfield;Inchfield;;;;;;;;;x
PROV608;Stone Bridge;Stone Bridge;Stone Bridge;;;;;;;;;x
PROV609;Dunstonbury;Dunstonbury;Dunstonbury;;;;;;;;;x
PROV610;Longwyck;Longwyck;Longwyck;;;;;;;;;x
PROV611;Longtable;Longtable;Longtable;;;;;;;;;x
PROV612;Lincoln;Lincoln;Lincoln;;;;;;;;;x
PROV613;Herefort;Herefort;Herefort;;;;;;;;;x
PROV614;Grassy Vale;Grassy Vale;Grassy Vale;;;;;;;;;x
PROV615;Flower Hall;Flower Hall;Flower Hall;;;;;;;;;x
PROV616;Roseford;Roseford;Roseford;;;;;;;;;x
PROV617;Fieldland;Fieldland;Fieldland;;;;;;;;;x
PROV618;Ringlands;Ringlands;Ringlands;;;;;;;;;x
PROV619;Tumbleton;Tumbleton;Tumbleton;;;;;;;;;x
PROV620;Wolverton;Wolverton;Wolverton;;;;;;;;;x
PROV621;Telford;Telford;Telford;;;;;;;;;x
PROV622;Wrekin;Wrekin;Wrekin;;;;;;;;;x
PROV623;Standfast;Standfast;Standfast;;;;;;;;;x
PROV624;Crowngard;Crowngard;Crowngard;;;;;;;;;x
PROV625;Dosk;Dosk;Dosk;;;;;;;;;x
PROV626;Redding;Redding;Redding;;;;;;;;;x
PROV627;Alden Keep;Alden Keep;Alden Keep;;;;;;;;;x
PROV628;Coldmoat;Coldmoat;Coldmoat;;;;;;;;;x
PROV629;Chestershield;Chestershield;Chestershield;;;;;;;;;x
PROV630;Stoneshield;Stoneshield;Stoneshield;;;;;;;;;x
PROV631;Oakenshield;Oakenshield;Oakenshield;;;;;;;;;x
PROV632;Greenshield;Greenshield;Greenshield;;;;;;;;;x
PROV633;Grasshield;Grasshield;Grasshield;;;;;;;;;x
PROV634;Rockshield;Rockshield;Rockshield;;;;;;;;;x
PROV635;Serryshield;Serryshield;Serryshield;;;;;;;;;x
PROV636;Grimmshield;Grimmshield;Grimmshield;;;;;;;;;x
PROV637;Waveshield;Waveshield;Waveshield;;;;;;;;;x
PROV638;Brokenshield;Brokenshield;Brokenshield;;;;;;;;;x
PROV639;Oldshield;Oldshield;Oldshield;;;;;;;;;x
PROV640;Southshield;Southshield;Southshield;;;;;;;;;x
PROV641;Galemont;Galemont;Galemont;;;;;;;;;x
PROV642;Stormkeep;Stormkeep;Stormkeep;;;;;;;;;x
PROV643;Storm's End;Storm's End;Storm's End;;;;;;;;;x
PROV644;Stormover;Stormover;Stormover;;;;;;;;;x
PROV645;Lightburg;Lightburg;Lightburg;;;;;;;;;x
PROV646;Harvest Hall;Harvest Hall;Harvest Hall;;;;;;;;;x
PROV647;Nightsong;Nightsong;Nightsong;;;;;;;;;x
PROV648;Poddingfield;Poddingfield;Poddingfield;;;;;;;;;x
PROV649;Nightingale;Nightingale;Nightingale;;;;;;;;;x
PROV650;Dusk Melody;Dusk Melody;Dusk Melody;;;;;;;;;x
PROV651;Cape Wrath;Cape Wrath;Cape Wrath;;;;;;;;;x
PROV652;Turtlemont;Turtlemont;Turtlemont;;;;;;;;;x
PROV653;Wrath Isle;Wrath Isle;Wrath Isle;;;;;;;;;x
PROV654;Estermont;Estermont;Estermont;;;;;;;;;x
PROV655;Weepingfield;Weepingfield;Weepingfield;;;;;;;;;x
PROV656;Wrathwood;Wrathwood;Wrathwood;;;;;;;;;x
PROV657;Weeping Town;Weeping Town;Weeping Town;;;;;;;;;x
PROV658;Wrathtown;Wrathtown;Wrathtown;;;;;;;;;x
PROV659;Tudbury Hall;Tudbury Hall;Tudbury Hall;;;;;;;;;x
PROV660;Duisburg;Duisburg;Duisburg;;;;;;;;;x
PROV661;Lockport;Lockport;Lockport;;;;;;;;;x
PROV662;Westport;Westport;Westport;;;;;;;;;x
PROV663;Eastport;Eastport;Eastport;;;;;;;;;x
PROV664;Portland;Portland;Portland;;;;;;;;;x
PROV665;Houseburg;Houseburg;Houseburg;;;;;;;;;x
PROV666;Stonehelm;Stonehelm;Stonehelm;;;;;;;;;x
PROV667;Lonmouth;Lonmouth;Lonmouth;;;;;;;;;x
PROV668;Stockarch;Stockarch;Stockarch;;;;;;;;;x
PROV669;Bonnwood;Bonnwood;Bonnwood;;;;;;;;;x
PROV670;Rain House;Rain House;Rain House;;;;;;;;;x
PROV671;Nightbull;Nightbull;Nightbull;;;;;;;;;x
PROV672;Blue Grove;Blue Grove;Blue Grove;;;;;;;;;x
PROV673;Rain Cove;Rain Cove;Rain Cove;;;;;;;;;x
PROV674;Broad Arch;Broad Arch;Broad Arch;;;;;;;;;x
PROV675;Hazebaur;Hazebaur;Hazebaur;;;;;;;;;x
PROV676;Mistwood;Mistwood;Mistwood;;;;;;;;;x
PROV677;Kielswamp;Kielswamp;Kielswamp;;;;;;;;;x
PROV678;Karfeld;Karfeld;Karfeld;;;;;;;;;x
PROV679;Durranburg;Durranburg;Durranburg;;;;;;;;;x
PROV680;Rainwood;Rainwood;Rainwood;;;;;;;;;x
PROV681;Rain Keep;Rain Keep;Rain Keep;;;;;;;;;x
PROV682;Broadwood;Broadwood;Broadwood;;;;;;;;;x
PROV683;Rainclyff;Rainclyff;Rainclyff;;;;;;;;;x
PROV684;Adderdell;Adderdell;Adderdell;;;;;;;;;x
PROV685;Crow's Nest;Crow's Nest;Crow's Nest;;;;;;;;;x
PROV686;Crowcoast;Crowcoast;Crowcoast;;;;;;;;;x
PROV687;Armen;Armen;Armen;;;;;;;;;x
PROV688;Grandfeld;Grandfeld;Grandfeld;;;;;;;;;x
PROV689;Amberview;Amberview;Amberview;;;;;;;;;x
PROV690;Storm's Watch;Storm's Watch;Storm's Watch;;;;;;;;;x
PROV691;Galeburg;Galeburg;Galeburg;;;;;;;;;x
PROV692;Griffin's Roost;Griffin's Roost;Griffin's Roost;;;;;;;;;x
PROV693;Grandview;Grandview;Grandview;;;;;;;;;x
PROV694;Blackheart;Blackheart;Blackheart;;;;;;;;;x
PROV695;Blackhaven;Blackhaven;Blackhaven;;;;;;;;;x
PROV696;Gallowsgrey;Gallowsgrey;Gallowsgrey;;;;;;;;;x
PROV697;Fawnton;Fawnton;Fawnton;;;;;;;;;x
PROV698;Hidensburg;Hidensburg;Hidensburg;;;;;;;;;x
PROV699;Greensward;Greensward;Greensward;;;;;;;;;x
PROV700;Amber Town;Amber Town;Amber Town;;;;;;;;;x
PROV701;Dalston Keep;Dalston Keep;Dalston Keep;;;;;;;;;x
PROV702;Amberly;Amberly;Amberly;;;;;;;;;x
PROV703;Landward Hall;Landward Hall;Landward Hall;;;;;;;;;x
PROV704;Passwalk;Passwalk;Passwalk;;;;;;;;;x
PROV705;Woodmere;Woodmere;Woodmere;;;;;;;;;x
PROV706;Attadale;Attadale;Attadale;;;;;;;;;x
PROV707;Fellwood;Fellwood;Fellwood;;;;;;;;;x
PROV708;Oldenkeep;Oldenkeep;Oldenkeep;;;;;;;;;x
PROV709;Parch Port;Parch Port;Parch Port;;;;;;;;;x
PROV710;Parchfield;Parchfield;Parchfield;;;;;;;;;x
PROV711;Parchments;Parchments;Parchments;;;;;;;;;x
PROV712;Aachenburg;Aachenburg;Aachenburg;;;;;;;;;x
PROV713;Lingen;Lingen;Lingen;;;;;;;;;x
PROV714;Morbach;Morbach;Morbach;;;;;;;;;x
PROV715;Bronzegate;Bronzegate;Bronzegate;;;;;;;;;x
PROV716;Bronze Bay;Bronze Bay;Bronze Bay;;;;;;;;;x
PROV717;Bronze Field;Bronze Field;Bronze Field;;;;;;;;;x
PROV718;Parchgate;Parchgate;Parchgate;;;;;;;;;x
PROV719;Cape Kappeln;Cape Kappeln;Cape Kappeln;;;;;;;;;x
PROV720;Bonnburg;Bonnburg;Bonnburg;;;;;;;;;x
PROV721;Drakesgrave;Drakesgrave;Drakesgrave;;;;;;;;;x
PROV722;Haystack Hall;Haystack Hall;Haystack Hall;;;;;;;;;x
PROV723;Mannover;Mannover;Mannover;;;;;;;;;x
PROV724;Eastern Tarth;Eastern Tarth;Eastern Tarth;;;;;;;;;x
PROV725;Rain Island;Rain Island;Rain Island;;;;;;;;;x
PROV726;Northern Tarth;Northern Tarth;Northern Tarth;;;;;;;;;x
PROV727;Little Sapphire;Little Sapphire;Little Sapphire;;;;;;;;;x
PROV728;Western Tarth;Western Tarth;Western Tarth;;;;;;;;;x
PROV729;Forworthshire;Forworthshire;Forworthshire;;;;;;;;;x
PROV730;Blackwater Hill;Blackwater Hill;Blackwater Hill;;;;;;;;;x
PROV731;Brasher's Hook;Brasher's Hook;Brasher's Hook;;;;;;;;;x
PROV732;Harver's Floodplains;Harver's Floodplains;Harver's Floodplains;;;;;;;;;x
PROV733;Blackwater Harbour;Blackwater Harbour;Blackwater Harbour;;;;;;;;;x
PROV734;Massey;Massey;Massey;;;;;;;;;x
PROV735;Chaucer;Chaucer;Chaucer;;;;;;;;;x
PROV736;Stonedance;Stonedance;Stonedance;;;;;;;;;x
PROV737;Sharp Point;Sharp Point;Sharp Point;;;;;;;;;x
PROV738;Orandale;Orandale;Orandale;;;;;;;;;x
PROV739;Waterperry;Waterperry;Waterperry;;;;;;;;;x
PROV740;Wendfront;Wendfront;Wendfront;;;;;;;;;x
PROV741;oi;oi;oi;;;;;;;;;x
PROV742;Chertsy;Chertsy;Chertsy;;;;;;;;;x
PROV743;Sandpit Hall;Sandpit Hall;Sandpit Hall;;;;;;;;;x
PROV744;Trotterham;Trotterham;Trotterham;;;;;;;;;x
PROV745;Deep Pool;Deep Pool;Deep Pool;;;;;;;;;x
PROV746;Whitewash;Whitewash;Whitewash;;;;;;;;;x
PROV747;Harshire;Harshire;Harshire;;;;;;;;;x
PROV748;Pettypotter;Pettypotter;Pettypotter;;;;;;;;;x
PROV749;Belland;Belland;Belland;;;;;;;;;x
PROV750;Clewswood;Clewswood;Clewswood;;;;;;;;;x
PROV751;Shaftbury;Shaftbury;Shaftbury;;;;;;;;;x
PROV752;Nolwood;Nolwood;Nolwood;;;;;;;;;x
PROV753;Oldhouse;Oldhouse;Oldhouse;;;;;;;;;x
PROV754;Wilcot;Wilcot;Wilcot;;;;;;;;;x
PROV755;Starford;Starford;Starford;;;;;;;;;x
PROV756;Elmwood;Elmwood;Elmwood;;;;;;;;;x
PROV757;Billesden;Billesden;Billesden;;;;;;;;;x
PROV758;Beechham;Beechham;Beechham;;;;;;;;;x
PROV759;Cottenham;Cottenham;Cottenham;;;;;;;;;x
PROV760;Waterbeach;Waterbeach;Waterbeach;;;;;;;;;x
PROV761;Golebury;Golebury;Golebury;;;;;;;;;x
PROV762;Forwood;Forwood;Forwood;;;;;;;;;x
PROV763;Penceton;Penceton;Penceton;;;;;;;;;x
PROV764;Stanely Hill;Stanely Hill;Stanely Hill;;;;;;;;;x
PROV765;Bambridge;Bambridge;Bambridge;;;;;;;;;x
PROV766;Gapemouth Wood;Gapemouth Wood;Gapemouth Wood;;;;;;;;;x
PROV767;Trumpering;Trumpering;Trumpering;;;;;;;;;x
PROV768;Tottering;Tottering;Tottering;;;;;;;;;x
PROV769;Whimperwood;Whimperwood;Whimperwood;;;;;;;;;x
PROV770;Narcisbury;Narcisbury;Narcisbury;;;;;;;;;x
PROV771;Wiggham;Wiggham;Wiggham;;;;;;;;;x
PROV772;Guildford;Guildford;Guildford;;;;;;;;;x
PROV773;Deepcut;Deepcut;Deepcut;;;;;;;;;x
PROV774;Forrham;Forrham;Forrham;;;;;;;;;x
PROV775;Bullswater;Bullswater;Bullswater;;;;;;;;;x
PROV776;Beckaton;Beckaton;Beckaton;;;;;;;;;x
PROV777;Murrham;Murrham;Murrham;;;;;;;;;x
PROV778;Gooseville;Gooseville;Gooseville;;;;;;;;;x
PROV779;Burdenshot;Burdenshot;Burdenshot;;;;;;;;;x
PROV780;Dorlale;Dorlale;Dorlale;;;;;;;;;x
PROV781;Darry's End;Darry's End;Darry's End;;;;;;;;;x
PROV782;Whitmoor;Whitmoor;Whitmoor;;;;;;;;;x
PROV783;Stokeworth;Stokeworth;Stokeworth;;;;;;;;;x
PROV784;Fail Hill;Fail Hill;Fail Hill;;;;;;;;;x
PROV785;Ballus;Ballus;Ballus;;;;;;;;;x
PROV786;Kilham;Kilham;Kilham;;;;;;;;;x
PROV787;Clayton;Clayton;Clayton;;;;;;;;;x
PROV788;Burnet Watch;Burnet Watch;Burnet Watch;;;;;;;;;x
PROV789;Garnet Wood;Garnet Wood;Garnet Wood;;;;;;;;;x
PROV790;Salicham;Salicham;Salicham;;;;;;;;;x
PROV791;Boilmoor;Boilmoor;Boilmoor;;;;;;;;;x
PROV792;Badnam;Badnam;Badnam;;;;;;;;;x
PROV793;Vierwood;Vierwood;Vierwood;;;;;;;;;x
PROV794;Wordalwood;Wordalwood;Wordalwood;;;;;;;;;x
PROV795;Rosby;Rosby;Rosby;;;;;;;;;x
PROV796;Hockford Hill;Hockford Hill;Hockford Hill;;;;;;;;;x
PROV797;Dragonstone;Dragonstone;Dragonstone;;;;;;;;;x
PROV798;Smouldering Isle;Smouldering Isle;Smouldering Isle;;;;;;;;;x
PROV799;Isle of Ember;Isle of Ember;Isle of Ember;;;;;;;;;x
PROV800;Obsidian;Obsidian;Obsidian;;;;;;;;;x
PROV801;Driftmark;Driftmark;Driftmark;;;;;;;;;x
PROV802;Northspur;Northspur;Northspur;;;;;;;;;x
PROV803;Southspur;Southspur;Southspur;;;;;;;;;x
PROV804;Strongcliff;Strongcliff;Strongcliff;;;;;;;;;x
PROV805;Dire Den;Dire Den;Dire Den;;;;;;;;;x
PROV806;North Crackclaw;North Crackclaw;North Crackclaw;;;;;;;;;x
PROV807;Crackclaw Barren;Crackclaw Barren;Crackclaw Barren;;;;;;;;;x
PROV808;South Crackclaw;South Crackclaw;South Crackclaw;;;;;;;;;x
PROV809;Newedge;Newedge;Newedge;;;;;;;;;x
PROV810;Highley;Highley;Highley;;;;;;;;;x
PROV811;The Whispers;The Whispers;The Whispers;;;;;;;;;x
PROV812;Crackclaw Cove;Crackclaw Cove;Crackclaw Cove;;;;;;;;;x
PROV813;Fledgling's Bluff;Fledgling's Bluff;Fledgling's Bluff;;;;;;;;;x
PROV814;Wing's Wake;Wing's Wake;Wing's Wake;;;;;;;;;x
PROV815;The Cape of Songs;The Cape of Songs;The Cape of Songs;;;;;;;;;x
PROV816;Crowhold;Crowhold;Crowhold;;;;;;;;;x
PROV817;Woodhollow;Woodhollow;Woodhollow;;;;;;;;;x
PROV818;Pallars;Pallars;Pallars;;;;;;;;;x
PROV819;Whitemoor;Whitemoor;Whitemoor;;;;;;;;;x
PROV820;Tremp;Tremp;Tremp;;;;;;;;;x
PROV821;Byfield;Byfield;Byfield;;;;;;;;;x
PROV822;Byrch Hall;Byrch Hall;Byrch Hall;;;;;;;;;x
PROV823;Loarre;Loarre;Loarre;;;;;;;;;x
PROV824;Brindlewood;Brindlewood;Brindlewood;;;;;;;;;x
PROV825;Hollard's Hall;Hollard's Hall;Hollard's Hall;;;;;;;;;x
PROV826;Rook's Rest;Rook's Rest;Rook's Rest;;;;;;;;;x
PROV827;Witchville;Witchville;Witchville;;;;;;;;;x
PROV828;Moorham;Moorham;Moorham;;;;;;;;;x
PROV829;Dun Port;Dun Port;Dun Port;;;;;;;;;x
PROV830;Violet Burrow;Violet Burrow;Violet Burrow;;;;;;;;;x
PROV831;Duskendale;Duskendale;Duskendale;;;;;;;;;x
PROV832;Dun Fort;Dun Fort;Dun Fort;;;;;;;;;x
PROV833;Tannerfield;Tannerfield;Tannerfield;;;;;;;;;x
PROV834;Bludell;Bludell;Bludell;;;;;;;;;x
PROV835;Seamill;Seamill;Seamill;;;;;;;;;x
PROV836;Greensword;Greensword;Greensword;;;;;;;;;x
PROV837;Belhedge;Belhedge;Belhedge;;;;;;;;;x
PROV838;Sow's Horn;Sow's Horn;Sow's Horn;;;;;;;;;x
PROV839;Dorhill;Dorhill;Dorhill;;;;;;;;;x
PROV840;Westice;Westice;Westice;;;;;;;;;x
PROV841;Morwyn;Morwyn;Morwyn;;;;;;;;;x
PROV842;Rollingford;Rollingford;Rollingford;;;;;;;;;x
PROV843;The Antlers;The Antlers;The Antlers;;;;;;;;;x
PROV844;Dragonmarsh;Dragonmarsh;Dragonmarsh;;;;;;;;;x
PROV845;Montroll;Montroll;Montroll;;;;;;;;;x
PROV846;Stoneroll;Stoneroll;Stoneroll;;;;;;;;;x
PROV847;Fuisse;Fuisse;Fuisse;;;;;;;;;x
PROV848;Mormead;Mormead;Mormead;;;;;;;;;x
PROV849;Corcourt;Corcourt;Corcourt;;;;;;;;;x
PROV850;Apt;Apt;Apt;;;;;;;;;x
PROV851;Opaldell;Opaldell;Opaldell;;;;;;;;;x
PROV852;Violetley;Violetley;Violetley;;;;;;;;;x
PROV853;Crystalmere;Crystalmere;Crystalmere;;;;;;;;;x
PROV854;Rockly;Rockly;Rockly;;;;;;;;;x
PROV855;Esterhill;Esterhill;Esterhill;;;;;;;;;x
PROV856;Bywater;Bywater;Bywater;;;;;;;;;x
PROV857;Drake Bridge;Drake Bridge;Drake Bridge;;;;;;;;;x
PROV858;Lannisport;Lannisport;Lannisport;;;;;;;;;x
PROV859;Lannisgate;Lannisgate;Lannisgate;;;;;;;;;x
PROV860;Lannisfield;Lannisfield;Lannisfield;;;;;;;;;x
PROV861;Casterly Rock;Casterly Rock;Casterly Rock;;;;;;;;;x
PROV862;Fang Tower;Fang Tower;Fang Tower;;;;;;;;;x
PROV863;Lobster Bay;Lobster Bay;Lobster Bay;;;;;;;;;x
PROV864;Feastfires;Feastfires;Feastfires;;;;;;;;;x
PROV865;Kayce;Kayce;Kayce;;;;;;;;;x
PROV866;Farkayce;Farkayce;Farkayce;;;;;;;;;x
PROV867;Maunhill;Maunhill;Maunhill;;;;;;;;;x
PROV868;South Fair Isle;South Fair Isle;South Fair Isle;;;;;;;;;x
PROV869;North Fair Isle;North Fair Isle;North Fair Isle;;;;;;;;;x
PROV870;Fair Keep;Fair Keep;Fair Keep;;;;;;;;;x
PROV871;Fairtower;Fairtower;Fairtower;;;;;;;;;x
PROV872;Greyrock;Greyrock;Greyrock;;;;;;;;;x
PROV873;Bell Mountains;Bell Mountains;Bell Mountains;;;;;;;;;x
PROV874;Valemen's Throne;Valemen's Throne;Valemen's Throne;;;;;;;;;x
PROV875;Bronze Rock;Bronze Rock;Bronze Rock;;;;;;;;;x
PROV876;Dringhold;Dringhold;Dringhold;;;;;;;;;x
PROV877;Wakefield;Wakefield;Wakefield;;;;;;;;;x
PROV878;Hasticks;Hasticks;Hasticks;;;;;;;;;x
PROV879;Tendring;Tendring;Tendring;;;;;;;;;x
PROV880;East Sarland;East Sarland;East Sarland;;;;;;;;;x
PROV881;Sarscoast;Sarscoast;Sarscoast;;;;;;;;;x
PROV882;West Sarland;West Sarland;West Sarland;;;;;;;;;x
PROV883;Caster Pass;Caster Pass;Caster Pass;;;;;;;;;x
PROV884;Sarsfield;Sarsfield;Sarsfield;;;;;;;;;x
PROV885;Ironlion;Ironlion;Ironlion;;;;;;;;;x
PROV886;Tarbeck Hall;Tarbeck Hall;Tarbeck Hall;;;;;;;;;x
PROV887;Redlion Keep;Redlion Keep;Redlion Keep;;;;;;;;;x
PROV888;Norwich;Norwich;Norwich;;;;;;;;;x
PROV889;Castamere;Castamere;Castamere;;;;;;;;;x
PROV890;Goldshire;Goldshire;Goldshire;;;;;;;;;x
PROV891;Goldcliff;Goldcliff;Goldcliff;;;;;;;;;x
PROV892;Moreland;Moreland;Moreland;;;;;;;;;x
PROV893;Lionpass;Lionpass;Lionpass;;;;;;;;;x
PROV894;The Crag;The Crag;The Crag;;;;;;;;;x
PROV895;Ironbreaker Keep;Ironbreaker Keep;Ironbreaker Keep;;;;;;;;;x
PROV896;Saltwest;Saltwest;Saltwest;;;;;;;;;x
PROV897;Northgate;Northgate;Northgate;;;;;;;;;x
PROV898;Banefort;Banefort;Banefort;;;;;;;;;x
PROV899;Wyndhall;Wyndhall;Wyndhall;;;;;;;;;x
PROV900;Cateshire;Cateshire;Cateshire;;;;;;;;;x
PROV901;Andover;Andover;Andover;;;;;;;;;x
PROV902;Glitterdell;Glitterdell;Glitterdell;;;;;;;;;x
PROV903;Oxcross;Oxcross;Oxcross;;;;;;;;;x
PROV904;Ashemark;Ashemark;Ashemark;;;;;;;;;x
PROV905;Thurrock;Thurrock;Thurrock;;;;;;;;;x
PROV906;Hornvale;Hornvale;Hornvale;;;;;;;;;x
PROV907;Goldhorn;Goldhorn;Goldhorn;;;;;;;;;x
PROV908;Kingston;Kingston;Kingston;;;;;;;;;x
PROV909;Farnahm;Farnahm;Farnahm;;;;;;;;;x
PROV910;Sardown;Sardown;Sardown;;;;;;;;;x
PROV911;Golden Tooth;Golden Tooth;Golden Tooth;;;;;;;;;x
PROV912;Nunn's Deep;Nunn's Deep;Nunn's Deep;;;;;;;;;x
PROV913;Pendrich Hills;Pendrich Hills;Pendrich Hills;;;;;;;;;x
PROV914;Wallingford;Wallingford;Wallingford;;;;;;;;;x
PROV915;Stevage;Stevage;Stevage;;;;;;;;;x
PROV916;Gateham;Gateham;Gateham;;;;;;;;;x
PROV917;Margate;Margate;Margate;;;;;;;;;x
PROV918;Riverspring;Riverspring;Riverspring;;;;;;;;;x
PROV919;Minespring;Minespring;Minespring;;;;;;;;;x
PROV920;Paynespring;Paynespring;Paynespring;;;;;;;;;x
PROV921;Chatham;Chatham;Chatham;;;;;;;;;x
PROV922;Paydosk;Paydosk;Paydosk;;;;;;;;;x
PROV923;Brent Brook;Brent Brook;Brent Brook;;;;;;;;;x
PROV924;Peckledon;Peckledon;Peckledon;;;;;;;;;x
PROV925;Payne Hall;Payne Hall;Payne Hall;;;;;;;;;x
PROV926;Copperland;Copperland;Copperland;;;;;;;;;x
PROV927;Copperfield;Copperfield;Copperfield;;;;;;;;;x
PROV928;Coppergate;Coppergate;Coppergate;;;;;;;;;x
PROV929;Coppermine;Coppermine;Coppermine;;;;;;;;;x
PROV930;Copperhall;Copperhall;Copperhall;;;;;;;;;x
PROV931;Craketown;Craketown;Craketown;;;;;;;;;x
PROV932;Windsore;Windsore;Windsore;;;;;;;;;x
PROV933;Farringdon;Farringdon;Farringdon;;;;;;;;;x
PROV934;Crakehall;Crakehall;Crakehall;;;;;;;;;x
PROV935;Falwell;Falwell;Falwell;;;;;;;;;x
PROV936;Cow Keep;Cow Keep;Cow Keep;;;;;;;;;x
PROV937;Westgold;Westgold;Westgold;;;;;;;;;x
PROV938;Reachland;Reachland;Reachland;;;;;;;;;x
PROV939;Cornfield;Cornfield;Cornfield;;;;;;;;;x
PROV940;Greenfield;Greenfield;Greenfield;;;;;;;;;x
PROV941;Lakefield;Lakefield;Lakefield;;;;;;;;;x
PROV942;The Bronze Marsh;The Bronze Marsh;The Bronze Marsh;;;;;;;;;x
PROV943;Greengold;Greengold;Greengold;;;;;;;;;x
PROV944;Greenmont;Greenmont;Greenmont;;;;;;;;;x
PROV945;Greencoast;Greencoast;Greencoast;;;;;;;;;x
PROV946;Greenmine;Greenmine;Greenmine;;;;;;;;;x
PROV947;Harlow;Harlow;Harlow;;;;;;;;;x
PROV948;Luten;Luten;Luten;;;;;;;;;x
PROV949;Basingtoke;Basingtoke;Basingtoke;;;;;;;;;x
PROV950;Thorncoast;Thorncoast;Thorncoast;;;;;;;;;x
PROV951;Hawthorne;Hawthorne;Hawthorne;;;;;;;;;x
PROV952;Brightsilver;Brightsilver;Brightsilver;;;;;;;;;x
PROV953;Cliffgoal;Cliffgoal;Cliffgoal;;;;;;;;;x
PROV954;Silverhall;Silverhall;Silverhall;;;;;;;;;x
PROV955;Goldfeld;Goldfeld;Goldfeld;;;;;;;;;x
PROV956;Goldgate;Goldgate;Goldgate;;;;;;;;;x
PROV957;Brightown;Brightown;Brightown;;;;;;;;;x
PROV958;Drox Castle;Drox Castle;Drox Castle;;;;;;;;;x
PROV959;Redramble;Redramble;Redramble;;;;;;;;;x
PROV960;Lonmont;Lonmont;Lonmont;;;;;;;;;x
PROV961;Myatt;Myatt;Myatt;;;;;;;;;x
PROV962;Deep Den;Deep Den;Deep Den;;;;;;;;;x
PROV963;Martin's Shore;Martin's Shore;Martin's Shore;;;;;;;;;x
PROV964;Western Muddlands;Western Muddlands;Western Muddlands;;;;;;;;;x
PROV965;Patrick's Hill;Patrick's Hill;Patrick's Hill;;;;;;;;;x
PROV966;Eastern Muddlands;Eastern Muddlands;Eastern Muddlands;;;;;;;;;x
PROV967;Pinkwood;Pinkwood;Pinkwood;;;;;;;;;x
PROV968;Pinkmaiden;Pinkmaiden;Pinkmaiden;;;;;;;;;x
PROV969;Mummer's Ford;Mummer's Ford;Mummer's Ford;;;;;;;;;x
PROV970;Stoney Sept;Stoney Sept;Stoney Sept;;;;;;;;;x
PROV971;Woodland;Woodland;Woodland;;;;;;;;;x
PROV972;Atranta;Atranta;Atranta;;;;;;;;;x
PROV973;Southend;Southend;Southend;;;;;;;;;x
PROV974;Sudbury;Sudbury;Sudbury;;;;;;;;;x
PROV975;Colyester;Colyester;Colyester;;;;;;;;;x
PROV976;Hornsept;Hornsept;Hornsept;;;;;;;;;x
PROV977;Bigwood;Bigwood;Bigwood;;;;;;;;;x
PROV978;Acorn Hall;Acorn Hall;Acorn Hall;;;;;;;;;x
PROV979;Willow Wood;Willow Wood;Willow Wood;;;;;;;;;x
PROV980;Willow Coast;Willow Coast;Willow Coast;;;;;;;;;x
PROV981;Goodfast;Goodfast;Goodfast;;;;;;;;;x
PROV982;Trident's Holdfast;Trident's Holdfast;Trident's Holdfast;;;;;;;;;x
PROV983;Justfield;Justfield;Justfield;;;;;;;;;x
PROV984;Eyefield;Eyefield;Eyefield;;;;;;;;;x
PROV985;God's Shore;God's Shore;God's Shore;;;;;;;;;x
PROV986;Just Keep;Just Keep;Just Keep;;;;;;;;;x
PROV987;Trident's Mouth;Trident's Mouth;Trident's Mouth;;;;;;;;;x
PROV988;Stony Shore;Stony Shore;Stony Shore;;;;;;;;;x
PROV989;Maidenpool;Maidenpool;Maidenpool;;;;;;;;;x
PROV990;Grassland;Grassland;Grassland;;;;;;;;;x
PROV991;Deepfield;Deepfield;Deepfield;;;;;;;;;x
PROV992;Wayfarer's Rest;Wayfarer's Rest;Wayfarer's Rest;;;;;;;;;x
PROV993;Stone Hedge;Stone Hedge;Stone Hedge;;;;;;;;;x
PROV994;Wendish Town;Wendish Town;Wendish Town;;;;;;;;;x
PROV995;Goodbrook;Goodbrook;Goodbrook;;;;;;;;;x
PROV996;Redstone;Redstone;Redstone;;;;;;;;;x
PROV997;Lychester;Lychester;Lychester;;;;;;;;;x
PROV998;Branstone;Branstone;Branstone;;;;;;;;;x
PROV999;The Whispering Wood;The Whispering Wood;The Whispering Wood;;;;;;;;;x
PROV1000;Riverrun;Riverrun;Riverrun;;;;;;;;;x
PROV1001;Turnbridge;Turnbridge;Turnbridge;;;;;;;;;x
PROV1002;Lolliston;Lolliston;Lolliston;;;;;;;;;x
PROV1003;Fairmarket;Fairmarket;Fairmarket;;;;;;;;;x
PROV1004;Raventree Hall;Raventree Hall;Raventree Hall;;;;;;;;;x
PROV1005;Blackrush;Blackrush;Blackrush;;;;;;;;;x
PROV1006;Maidstone;Maidstone;Maidstone;;;;;;;;;x
PROV1007;The Black Forest;The Black Forest;The Black Forest;;;;;;;;;x
PROV1008;Martlet Bay;Martlet Bay;Martlet Bay;;;;;;;;;x
PROV1009;Kanet;Kanet;Kanet;;;;;;;;;x
PROV1010;Gravesham;Gravesham;Gravesham;;;;;;;;;x
PROV1011;Graveland;Graveland;Graveland;;;;;;;;;x
PROV1012;Red Market;Red Market;Red Market;;;;;;;;;x
PROV1013;Red Crossing;Red Crossing;Red Crossing;;;;;;;;;x
PROV1014;Stillfen;Stillfen;Stillfen;;;;;;;;;x
PROV1015;Rapidshore;Rapidshore;Rapidshore;;;;;;;;;x
PROV1016;Fair Crossing;Fair Crossing;Fair Crossing;;;;;;;;;x
PROV1017;Blue Fork;Blue Fork;Blue Fork;;;;;;;;;x
PROV1018;Neck's Dock;Neck's Dock;Neck's Dock;;;;;;;;;x
PROV1019;Ironman's Bay;Ironman's Bay;Ironman's Bay;;;;;;;;;x
PROV1020;Lappland;Lappland;Lappland;;;;;;;;;x
PROV1021;Donland;Donland;Donland;;;;;;;;;x
PROV1022;Cape of Eagles;Cape of Eagles;Cape of Eagles;;;;;;;;;x
PROV1023;Seagard;Seagard;Seagard;;;;;;;;;x
PROV1024;Muddland;Muddland;Muddland;;;;;;;;;x
PROV1025;Rivergard;Rivergard;Rivergard;;;;;;;;;x
PROV1026;Oldstones;Oldstones;Oldstones;;;;;;;;;x
PROV1027;Rushmoor;Rushmoor;Rushmoor;;;;;;;;;x
PROV1028;Mistlewood;Mistlewood;Mistlewood;;;;;;;;;x
PROV1029;The Frey Woods;The Frey Woods;The Frey Woods;;;;;;;;;x
PROV1030;Goodshire;Goodshire;Goodshire;;;;;;;;;x
PROV1031;Hopeland;Hopeland;Hopeland;;;;;;;;;x
PROV1032;Roriksted;Roriksted;Roriksted;;;;;;;;;x
PROV1033;Goodfaith;Goodfaith;Goodfaith;;;;;;;;;x
PROV1034;Northford;Northford;Northford;;;;;;;;;x
PROV1035;Justman's Hold;Justman's Hold;Justman's Hold;;;;;;;;;x
PROV1036;Fisher Keep;Fisher Keep;Fisher Keep;;;;;;;;;x
PROV1037;Niceland;Niceland;Niceland;;;;;;;;;x
PROV1038;Erenford;Erenford;Erenford;;;;;;;;;x
PROV1039;Airford;Airford;Airford;;;;;;;;;x
PROV1040;Wyferd;Wyferd;Wyferd;;;;;;;;;x
PROV1041;Riverwatch;Riverwatch;Riverwatch;;;;;;;;;x
PROV1042;Freywatch;Freywatch;Freywatch;;;;;;;;;x
PROV1043;Wycombe;Wycombe;Wycombe;;;;;;;;;x
PROV1044;Eastcombe;Eastcombe;Eastcombe;;;;;;;;;x
PROV1045;Westcombe;Westcombe;Westcombe;;;;;;;;;x
PROV1046;Teagewall;Teagewall;Teagewall;;;;;;;;;x
PROV1047;Upriver;Upriver;Upriver;;;;;;;;;x
PROV1048;Cliffen;Cliffen;Cliffen;;;;;;;;;x
PROV1049;Mountriver;Mountriver;Mountriver;;;;;;;;;x
PROV1050;Green Fork;Green Fork;Green Fork;;;;;;;;;x
PROV1051;Lord Harroway's Town;Lord Harroway's Town;Lord Harroway's Town;;;;;;;;;x
PROV1052;Darry;Darry;Darry;;;;;;;;;x
PROV1053;Hag's Mire;Hag's Mire;Hag's Mire;;;;;;;;;x
PROV1054;Chiltern;Chiltern;Chiltern;;;;;;;;;x
PROV1055;Rooteland;Rooteland;Rooteland;;;;;;;;;x
PROV1056;River Road;River Road;River Road;;;;;;;;;x
PROV1057;Mandrake;Mandrake;Mandrake;;;;;;;;;x
PROV1058;Edgersalt;Edgersalt;Edgersalt;;;;;;;;;x
PROV1059;Oceansee;Oceansee;Oceansee;;;;;;;;;x
PROV1060;Saltsea;Saltsea;Saltsea;;;;;;;;;x
PROV1061;Saltpans;Saltpans;Saltpans;;;;;;;;;x
PROV1062;Saltpoole;Saltpoole;Saltpoole;;;;;;;;;x
PROV1063;Mountainton;Mountainton;Mountainton;;;;;;;;;x
PROV1064;Clawpoole;Clawpoole;Clawpoole;;;;;;;;;x
PROV1065;Rapid Keep;Rapid Keep;Rapid Keep;;;;;;;;;x
PROV1066;Upmount;Upmount;Upmount;;;;;;;;;x
PROV1067;Centralpool;Centralpool;Centralpool;;;;;;;;;x
PROV1068;Predl;Predl;Predl;;;;;;;;;x
PROV1069;Gates of the Moon;Gates of the Moon;Gates of the Moon;;;;;;;;;x
PROV1070;Mountain of the Moon;Mountain of the Moon;Mountain of the Moon;;;;;;;;;x
PROV1071;Stephensfeld;Stephensfeld;Stephensfeld;;;;;;;;;x
PROV1072;Gulltown;Gulltown;Gulltown;;;;;;;;;x
PROV1073;Grafton Keep;Grafton Keep;Grafton Keep;;;;;;;;;x
PROV1074;Valeresk;Valeresk;Valeresk;;;;;;;;;x
PROV1075;Titan's Town;Titan's Town;Titan's Town;;;;;;;;;x
PROV1076;Faithcliff;Faithcliff;Faithcliff;;;;;;;;;x
PROV1077;Runestone;Runestone;Runestone;;;;;;;;;x
PROV1078;Yohnstown;Yohnstown;Yohnstown;;;;;;;;;x
PROV1079;Falcon Tower;Falcon Tower;Falcon Tower;;;;;;;;;x
PROV1080;Andleton;Andleton;Andleton;;;;;;;;;x
PROV1081;Horton;Horton;Horton;;;;;;;;;x
PROV1082;Bloody Gate;Bloody Gate;Bloody Gate;;;;;;;;;x
PROV1083;God's Roost;God's Roost;God's Roost;;;;;;;;;x
PROV1084;Eaglethorpe;Eaglethorpe;Eaglethorpe;;;;;;;;;x
PROV1085;Darkmoor;Darkmoor;Darkmoor;;;;;;;;;x
PROV1086;Redfort;Redfort;Redfort;;;;;;;;;x
PROV1087;Galametz;Galametz;Galametz;;;;;;;;;x
PROV1088;Chemy;Chemy;Chemy;;;;;;;;;x
PROV1089;Puycalvel;Puycalvel;Puycalvel;;;;;;;;;x
PROV1090;Ascros;Ascros;Ascros;;;;;;;;;x
PROV1091;Chavoire;Chavoire;Chavoire;;;;;;;;;x
PROV1092;Grey Glen;Grey Glen;Grey Glen;;;;;;;;;x
PROV1093;Hardvale;Hardvale;Hardvale;;;;;;;;;x
PROV1094;Mont Grousset;Mont Grousset;Mont Grousset;;;;;;;;;x
PROV1095;Ironoaks;Ironoaks;Ironoaks;;;;;;;;;x
PROV1096;Wayncroft;Wayncroft;Wayncroft;;;;;;;;;x
PROV1097;Timberton;Timberton;Timberton;;;;;;;;;x
PROV1098;Ruthermont;Ruthermont;Ruthermont;;;;;;;;;x
PROV1099;Starfish Spire;Starfish Spire;Starfish Spire;;;;;;;;;x
PROV1100;Longbow Hall;Longbow Hall;Longbow Hall;;;;;;;;;x
PROV1101;Fletcham;Fletcham;Fletcham;;;;;;;;;x
PROV1102;Hunters Point;Hunters Point;Hunters Point;;;;;;;;;x
PROV1103;Old Anchor;Old Anchor;Old Anchor;;;;;;;;;x
PROV1104;Baelish Keep;Baelish Keep;Baelish Keep;;;;;;;;;x
PROV1105;Wycliffe;Wycliffe;Wycliffe;;;;;;;;;x
PROV1106;Scarle Keep;Scarle Keep;Scarle Keep;;;;;;;;;x
PROV1107;Midlor Point;Midlor Point;Midlor Point;;;;;;;;;x
PROV1108;Bael's Hold;Bael's Hold;Bael's Hold;;;;;;;;;x
PROV1109;Creek Castle;Creek Castle;Creek Castle;;;;;;;;;x
PROV1110;Hearthome;Hearthome;Hearthome;;;;;;;;;x
PROV1111;Wingpass;Wingpass;Wingpass;;;;;;;;;x
PROV1112;Espinas;Espinas;Espinas;;;;;;;;;x
PROV1113;Bussang;Bussang;Bussang;;;;;;;;;x
PROV1114;Plancard;Plancard;Plancard;;;;;;;;;x
PROV1115;Ajoncourt;Ajoncourt;Ajoncourt;;;;;;;;;x
PROV1116;Teyssieu;Teyssieu;Teyssieu;;;;;;;;;x
PROV1117;Venasque;Venasque;Venasque;;;;;;;;;x
PROV1118;Miallet;Miallet;Miallet;;;;;;;;;x
PROV1119;Belham;Belham;Belham;;;;;;;;;x
PROV1120;Blackford;Blackford;Blackford;;;;;;;;;x
PROV1121;Strongsong;Strongsong;Strongsong;;;;;;;;;x
PROV1122;Clifthaven;Clifthaven;Clifthaven;;;;;;;;;x
PROV1123;Falkenham;Falkenham;Falkenham;;;;;;;;;x
PROV1124;Wickby;Wickby;Wickby;;;;;;;;;x
PROV1125;Woodvale;Woodvale;Woodvale;;;;;;;;;x
PROV1126;Snake Wood;Snake Wood;Snake Wood;;;;;;;;;x
PROV1127;Bycopse;Bycopse;Bycopse;;;;;;;;;x
PROV1128;Highcliff Watch;Highcliff Watch;Highcliff Watch;;;;;;;;;x
PROV1129;Egenford;Egenford;Egenford;;;;;;;;;x
PROV1130;Finger's Crown;Finger's Crown;Finger's Crown;;;;;;;;;x
PROV1131;Moonlight;Moonlight;Moonlight;;;;;;;;;x
PROV1132;Wiskyme;Wiskyme;Wiskyme;;;;;;;;;x
PROV1133;Newkeep;Newkeep;Newkeep;;;;;;;;;x
PROV1134;Rosvale;Rosvale;Rosvale;;;;;;;;;x
PROV1135;Rosesk;Rosesk;Rosesk;;;;;;;;;x
PROV1136;Coldwater;Coldwater;Coldwater;;;;;;;;;x
PROV1137;Allemont;Allemont;Allemont;;;;;;;;;x
PROV1138;Moonsgrey;Moonsgrey;Moonsgrey;;;;;;;;;x
PROV1139;Renwick;Renwick;Renwick;;;;;;;;;x
PROV1140;Menaskham;Menaskham;Menaskham;;;;;;;;;x
PROV1141;Horcrag;Horcrag;Horcrag;;;;;;;;;x
PROV1142;Faaset;Faaset;Faaset;;;;;;;;;x
PROV1143;Nastbukt;Nastbukt;Nastbukt;;;;;;;;;x
PROV1144;Hjelmaas;Hjelmaas;Hjelmaas;;;;;;;;;x
PROV1145;Osbak;Osbak;Osbak;;;;;;;;;x
PROV1146;Kyllingstad;Kyllingstad;Kyllingstad;;;;;;;;;x
PROV1147;Svalia;Svalia;Svalia;;;;;;;;;x
PROV1148;Longsister;Longsister;Longsister;;;;;;;;;x
PROV1149;Sweetsister;Sweetsister;Sweetsister;;;;;;;;;x
PROV1150;The Paps;The Paps;The Paps;;;;;;;;;x
PROV1151;Littlesister;Littlesister;Littlesister;;;;;;;;;x
PROV1152;Sisterton;Sisterton;Sisterton;;;;;;;;;x
PROV1153;Biteport;Biteport;Biteport;;;;;;;;;x
PROV1154;Sunnyvale;Sunnyvale;Sunnyvale;;;;;;;;;x
PROV1155;Pebble;Pebble;Pebble;;;;;;;;;x
PROV1156;Pyke;Pyke;Pyke;;;;;;;;;x
PROV1157;Iron Holt;Iron Holt;Iron Holt;;;;;;;;;x
PROV1158;Seagrave;Seagrave;Seagrave;;;;;;;;;x
PROV1159;Lordsport;Lordsport;Lordsport;;;;;;;;;x
PROV1160;Kraken Rock;Kraken Rock;Kraken Rock;;;;;;;;;x
PROV1161;Langaanes;Langaanes;Langaanes;;;;;;;;;x
PROV1162;Vardvik;Vardvik;Vardvik;;;;;;;;;x
PROV1163;Enkonayrd;Enkonayrd;Enkonayrd;;;;;;;;;x
PROV1164;Great Wyk;Great Wyk;Great Wyk;;;;;;;;;x
PROV1165;Hammerhorn;Hammerhorn;Hammerhorn;;;;;;;;;x
PROV1166;Hardstone Hill;Hardstone Hill;Hardstone Hill;;;;;;;;;x
PROV1167;Galleywood;Galleywood;Galleywood;;;;;;;;;x
PROV1168;Hornhaven;Hornhaven;Hornhaven;;;;;;;;;x
PROV1169;Pebbleton;Pebbleton;Pebbleton;;;;;;;;;x
PROV1170;Fishbourne;Fishbourne;Fishbourne;;;;;;;;;x
PROV1171;Ten Towers;Ten Towers;Ten Towers;;;;;;;;;x
PROV1172;Harlaw Hill;Harlaw Hill;Harlaw Hill;;;;;;;;;x
PROV1173;Kinscythe;Kinscythe;Kinscythe;;;;;;;;;x
PROV1174;Hangmyre;Hangmyre;Hangmyre;;;;;;;;;x
PROV1175;Grey Garden;Grey Garden;Grey Garden;;;;;;;;;x
PROV1176;Old Wyk;Old Wyk;Old Wyk;;;;;;;;;x
PROV1177;Drumm Tower;Drumm Tower;Drumm Tower;;;;;;;;;x
PROV1178;Nagga's Hill;Nagga's Hill;Nagga's Hill;;;;;;;;;x
PROV1179;Stoneton;Stoneton;Stoneton;;;;;;;;;x
PROV1180;Seastone Point;Seastone Point;Seastone Point;;;;;;;;;x
PROV1181;Tower of Glimmering;Tower of Glimmering;Tower of Glimmering;;;;;;;;;x
PROV1182;Stonetree;Stonetree;Stonetree;;;;;;;;;x
PROV1183;Grey Cove;Grey Cove;Grey Cove;;;;;;;;;x
PROV1184;Volmark;Volmark;Volmark;;;;;;;;;x
PROV1185;Blacktyde;Blacktyde;Blacktyde;;;;;;;;;x
PROV1186;Shield Row;Shield Row;Shield Row;;;;;;;;;x
PROV1187;Sealskin Point;Sealskin Point;Sealskin Point;;;;;;;;;x
PROV1188;Herringby;Herringby;Herringby;;;;;;;;;x
PROV1189;Sproutside;Sproutside;Sproutside;;;;;;;;;x
PROV1190;Orkmont;Orkmont;Orkmont;;;;;;;;;x
PROV1191;Great Harbour;Great Harbour;Great Harbour;;;;;;;;;x
PROV1192;Lonely Light;Lonely Light;Lonely Light;;;;;;;;;x
PROV1193;Lonely Harbour;Lonely Harbour;Lonely Harbour;;;;;;;;;x
PROV1194;Ashwood;Ashwood;Ashwood;;;;;;;;;x
PROV1195;Greenwood;Greenwood;Greenwood;;;;;;;;;x
PROV1196;Coldstream;Coldstream;Coldstream;;;;;;;;;x
PROV1197;Blackpool;Blackpool;Blackpool;;;;;;;;;x
PROV1198;Winterfell;Winterfell;Winterfell;;;;;;;;;x
PROV1199;Sheep Hill;Sheep Hill;Sheep Hill;;;;;;;;;x
PROV1200;Wolfshore;Wolfshore;Wolfshore;;;;;;;;;x
PROV1201;Old Island;Old Island;Old Island;;;;;;;;;x
PROV1202;Whitford;Whitford;Whitford;;;;;;;;;x
PROV1203;Oldcastle;Oldcastle;Oldcastle;;;;;;;;;x
PROV1204;The White Knife;The White Knife;The White Knife;;;;;;;;;x
PROV1205;Ramsgate;Ramsgate;Ramsgate;;;;;;;;;x
PROV1206;Waterley;Waterley;Waterley;;;;;;;;;x
PROV1207;Widow's  Watch;Widow's  Watch;Widow's  Watch;;;;;;;;;x
PROV1208;Weeper's Ford;Weeper's Ford;Weeper's Ford;;;;;;;;;x
PROV1209;Ethering;Ethering;Ethering;;;;;;;;;x
PROV1210;Hornwood;Hornwood;Hornwood;;;;;;;;;x
PROV1211;Shepard's Hearth;Shepard's Hearth;Shepard's Hearth;;;;;;;;;x
PROV1212;Broken Branch;Broken Branch;Broken Branch;;;;;;;;;x
PROV1213;Branchhead;Branchhead;Branchhead;;;;;;;;;x
PROV1214;Jaw Hill;Jaw Hill;Jaw Hill;;;;;;;;;x
PROV1215;The Weeping Shore;The Weeping Shore;The Weeping Shore;;;;;;;;;x
PROV1216;Barbleton;Barbleton;Barbleton;;;;;;;;;x
PROV1217;East Harbor;East Harbor;East Harbor;;;;;;;;;x
PROV1218;Snowdell;Snowdell;Snowdell;;;;;;;;;x
PROV1219;Grey Cliff Tower;Grey Cliff Tower;Grey Cliff Tower;;;;;;;;;x
PROV1220;The Dreadfort;The Dreadfort;The Dreadfort;;;;;;;;;x
PROV1221;Weeping;Weeping;Weeping;;;;;;;;;x
PROV1222;Windy Grove;Windy Grove;Windy Grove;;;;;;;;;x
PROV1223;Flesher's Keep;Flesher's Keep;Flesher's Keep;;;;;;;;;x
PROV1224;Last Hearth;Last Hearth;Last Hearth;;;;;;;;;x
PROV1225;Woodhaven;Woodhaven;Woodhaven;;;;;;;;;x
PROV1226;Fellber;Fellber;Fellber;;;;;;;;;x
PROV1227;Northwold;Northwold;Northwold;;;;;;;;;x
PROV1228;Lonely Hills;Lonely Hills;Lonely Hills;;;;;;;;;x
PROV1229;Arrendell;Arrendell;Arrendell;;;;;;;;;x
PROV1230;Crow's Edge;Crow's Edge;Crow's Edge;;;;;;;;;x
PROV1231;Flint Keep;Flint Keep;Flint Keep;;;;;;;;;x
PROV1232;Shadowmore;Shadowmore;Shadowmore;;;;;;;;;x
PROV1233;Coldcove;Coldcove;Coldcove;;;;;;;;;x
PROV1234;Burley;Burley;Burley;;;;;;;;;x
PROV1235;Pinesend;Pinesend;Pinesend;;;;;;;;;x
PROV1236;Moles Town;Moles Town;Moles Town;;;;;;;;;x
PROV1237;Brandon's Castle;Brandon's Castle;Brandon's Castle;;;;;;;;;x
PROV1238;Northtown;Northtown;Northtown;;;;;;;;;x
PROV1239;Queenscrown;Queenscrown;Queenscrown;;;;;;;;;x
PROV1240;Bear Island;Bear Island;Bear Island;;;;;;;;;x
PROV1241;Woodfoot Watch;Woodfoot Watch;Woodfoot Watch;;;;;;;;;x
PROV1242;Bearstone;Bearstone;Bearstone;;;;;;;;;x
PROV1243;Bearwood;Bearwood;Bearwood;;;;;;;;;x
PROV1244;Shady Thicket;Shady Thicket;Shady Thicket;;;;;;;;;x
PROV1245;Frosty Point;Frosty Point;Frosty Point;;;;;;;;;x
PROV1246;Deepwood Motte;Deepwood Motte;Deepwood Motte;;;;;;;;;x
PROV1247;Ironrath;Ironrath;Ironrath;;;;;;;;;x
PROV1248;Blackgrove;Blackgrove;Blackgrove;;;;;;;;;x
PROV1249;Greystone Holdfast;Greystone Holdfast;Greystone Holdfast;;;;;;;;;x
PROV1250;Stoney Sept;Stoney Sept;Stoney Sept;;;;;;;;;x
PROV1251;Bell Tower;Bell Tower;Bell Tower;;;;;;;;;x
PROV1252;Castlewood;Castlewood;Castlewood;;;;;;;;;x
PROV1253;Old Beehive;Old Beehive;Old Beehive;;;;;;;;;x
PROV1254;Travelton;Travelton;Travelton;;;;;;;;;x
PROV1255;Henslaketon;Henslaketon;Henslaketon;;;;;;;;;x
PROV1256;Eastedge Barrens;Eastedge Barrens;Eastedge Barrens;;;;;;;;;x
PROV1257;Southerway;Southerway;Southerway;;;;;;;;;x
PROV1258;Torrhen's Square;Torrhen's Square;Torrhen's Square;;;;;;;;;x
PROV1259;Llangranog;Llangranog;Llangranog;;;;;;;;;x
PROV1260;Nanhyfer;Nanhyfer;Nanhyfer;;;;;;;;;x
PROV1261;Llanwyrst;Llanwyrst;Llanwyrst;;;;;;;;;x
PROV1262;Elkstone;Elkstone;Elkstone;;;;;;;;;x
PROV1263;Moat Cailin;Moat Cailin;Moat Cailin;;;;;;;;;x
PROV1264;Woodend;Woodend;Woodend;;;;;;;;;x
PROV1265;Barrowton;Barrowton;Barrowton;;;;;;;;;x
PROV1266;Highbarrow;Highbarrow;Highbarrow;;;;;;;;;x
PROV1267;God's Hill;God's Hill;God's Hill;;;;;;;;;x
PROV1268;Harwood's Hold;Harwood's Hold;Harwood's Hold;;;;;;;;;x
PROV1269;Goldgrass;Goldgrass;Goldgrass;;;;;;;;;x
PROV1270;Spearmouth;Spearmouth;Spearmouth;;;;;;;;;x
PROV1271;Lowbarrow;Lowbarrow;Lowbarrow;;;;;;;;;x
PROV1272;Bentbarrow;Bentbarrow;Bentbarrow;;;;;;;;;x
PROV1273;Fever;Fever;Fever;;;;;;;;;x
PROV1274;Greywater Watch;Greywater Watch;Greywater Watch;;;;;;;;;x
PROV1275;The Grey Dun;The Grey Dun;The Grey Dun;;;;;;;;;x
PROV1276;The Sunk Grove;The Sunk Grove;The Sunk Grove;;;;;;;;;x
PROV1277;Reedhall;Reedhall;Reedhall;;;;;;;;;x
PROV1278;Tamm's Crannog;Tamm's Crannog;Tamm's Crannog;;;;;;;;;x
PROV1279;Cray;Cray;Cray;;;;;;;;;x
PROV1280;Float Hold;Float Hold;Float Hold;;;;;;;;;x
PROV1281;Churwell;Churwell;Churwell;;;;;;;;;x
PROV1282;Silvereed;Silvereed;Silvereed;;;;;;;;;x
PROV1283;Flint's Finger;Flint's Finger;Flint's Finger;;;;;;;;;x
PROV1284;Flint's Thumb;Flint's Thumb;Flint's Thumb;;;;;;;;;x
PROV1285;Ringrock;Ringrock;Ringrock;;;;;;;;;x
PROV1286;Greencliffe;Greencliffe;Greencliffe;;;;;;;;;x
PROV1287;Cape Kraken;Cape Kraken;Cape Kraken;;;;;;;;;x
PROV1288;King's House;King's House;King's House;;;;;;;;;x
PROV1289;Snowrow;Snowrow;Snowrow;;;;;;;;;x
PROV1290;Eyrie's Canyon;Eyrie's Canyon;Eyrie's Canyon;;;;;;;;;x
PROV1291;Deepdown;Deepdown;Deepdown;;;;;;;;;x
PROV1292;Weirrocks;Weirrocks;Weirrocks;;;;;;;;;x
PROV1293;Driftwood Hall;Driftwood Hall;Driftwood Hall;;;;;;;;;x
PROV1294;Blizzard Barrow;Blizzard Barrow;Blizzard Barrow;;;;;;;;;x
PROV1295;The Silver Mount;The Silver Mount;The Silver Mount;;;;;;;;;x
PROV1296;The Bloody Gate;The Bloody Gate;The Bloody Gate;;;;;;;;;x
PROV1297;The Rills;The Rills;The Rills;;;;;;;;;x
PROV1298;Rimegate;Rimegate;Rimegate;;;;;;;;;x
PROV1299;Nightfort;Nightfort;Nightfort;;;;;;;;;x
PROV1300;Castle Black;Castle Black;Castle Black;;;;;;;;;x
PROV1301;Greenguard;Greenguard;Greenguard;;;;;;;;;x
PROV1302;Eastwatch-by-the-Sea;Eastwatch-by-the-Sea;Eastwatch-by-the-Sea;;;;;;;;;x
PROV1303;Greyguard;Greyguard;Greyguard;;;;;;;;;x
PROV1304;Shadow Tower;Shadow Tower;Shadow Tower;;;;;;;;;x
PROV1305;Keening Arch;Keening Arch;Keening Arch;;;;;;;;;x
PROV1306;Deep Valley;Deep Valley;Deep Valley;;;;;;;;;x
PROV1307;Antler Fork;Antler Fork;Antler Fork;;;;;;;;;x
PROV1308;Whitetree;Whitetree;Whitetree;;;;;;;;;x
PROV1309;Frozen Keep;Frozen Keep;Frozen Keep;;;;;;;;;x
PROV1310;Icyhold;Icyhold;Icyhold;;;;;;;;;x
PROV1311;Sealcliffe;Sealcliffe;Sealcliffe;;;;;;;;;x
PROV1312;Riverfork;Riverfork;Riverfork;;;;;;;;;x
PROV1313;Hardhome;Hardhome;Hardhome;;;;;;;;;x
PROV1314;The Gorge;The Gorge;The Gorge;;;;;;;;;x
PROV1315;Ruddy Hall;Ruddy Hall;Ruddy Hall;;;;;;;;;x
PROV1316;Bearview;Bearview;Bearview;;;;;;;;;x
PROV1317;Shadow Arch;Shadow Arch;Shadow Arch;;;;;;;;;x
PROV1318;Blue Horn;Blue Horn;Blue Horn;;;;;;;;;x
PROV1319;Fist of the First Men;Fist of the First Men;Fist of the First Men;;;;;;;;;x
PROV1320;Giant's Stair;Giant's Stair;Giant's Stair;;;;;;;;;x
PROV1321;Icehome;Icehome;Icehome;;;;;;;;;x
PROV1322;Shivering Forest;Shivering Forest;Shivering Forest;;;;;;;;;x
PROV1323;Coldgrove;Coldgrove;Coldgrove;;;;;;;;;x
PROV1324;Thatcher's Holdfast;Thatcher's Holdfast;Thatcher's Holdfast;;;;;;;;;x
PROV1325;Antler Vale;Antler Vale;Antler Vale;;;;;;;;;x
PROV1326;Haunted Forest;Haunted Forest;Haunted Forest;;;;;;;;;x
PROV1327;Storrold's Point;Storrold's Point;Storrold's Point;;;;;;;;;x
PROV1328;Winter Keep;Winter Keep;Winter Keep;;;;;;;;;x
PROV1329;Wightward;Wightward;Wightward;;;;;;;;;x
PROV1330;Icefort;Icefort;Icefort;;;;;;;;;x
PROV1331;Ice Bay Shore;Ice Bay Shore;Ice Bay Shore;;;;;;;;;x
PROV1332;Iceguard;Iceguard;Iceguard;;;;;;;;;x
PROV1333;Baypoint;Baypoint;Baypoint;;;;;;;;;x
PROV1334;Storrold's Keep;Storrold's Keep;Storrold's Keep;;;;;;;;;x
PROV1335;Haunted Keep;Haunted Keep;Haunted Keep;;;;;;;;;x
PROV1336;Old Weirwood Keep;Old Weirwood Keep;Old Weirwood Keep;;;;;;;;;x
PROV1337;Whitewatch;Whitewatch;Whitewatch;;;;;;;;;x
PROV1338;First Hearth;First Hearth;First Hearth;;;;;;;;;x
PROV1339;Crowstone;Crowstone;Crowstone;;;;;;;;;x
PROV1340;Mistwatch;Mistwatch;Mistwatch;;;;;;;;;x
PROV1341;Dogpoint;Dogpoint;Dogpoint;;;;;;;;;x
PROV1342;Thenn;Thenn;Thenn;;;;;;;;;x
PROV1343;Northdown;Northdown;Northdown;;;;;;;;;x
PROV1344;Forktop Point;Forktop Point;Forktop Point;;;;;;;;;x
PROV1345;Skirling Pass;Skirling Pass;Skirling Pass;;;;;;;;;x
PROV1346;Moon Keep;Moon Keep;Moon Keep;;;;;;;;;x
PROV1347;Snake Marsh;Snake Marsh;Snake Marsh;;;;;;;;;x
PROV1348;Burned Lake;Burned Lake;Burned Lake;;;;;;;;;x
PROV1349;Black Marsh;Black Marsh;Black Marsh;;;;;;;;;x
PROV1350;Icewater Valley;Icewater Valley;Icewater Valley;;;;;;;;;x
PROV1351;Melting Pools;Melting Pools;Melting Pools;;;;;;;;;x
PROV1352;Crystal Lake;Crystal Lake;Crystal Lake;;;;;;;;;x
PROV1353;Rowan's Hearth;Rowan's Hearth;Rowan's Hearth;;;;;;;;;x
PROV1354;Frozen Village;Frozen Village;Frozen Village;;;;;;;;;x
PROV1355;Southern Rampart;Southern Rampart;Southern Rampart;;;;;;;;;x
PROV1356;The High Peaks;The High Peaks;The High Peaks;;;;;;;;;x
PROV1357;Thurrock;Thurrock;Thurrock;;;;;;;;;x
PROV1358;Goldhorn;Goldhorn;Goldhorn;;;;;;;;;x
PROV1359;The High Stones;The High Stones;The High Stones;;;;;;;;;x
PROV1360;Lannisheights;Lannisheights;Lannisheights;;;;;;;;;x
PROV1361;Western Copper Wall;Western Copper Wall;Western Copper Wall;;;;;;;;;x
PROV1362;Eastern Copper Wall;Eastern Copper Wall;Eastern Copper Wall;;;;;;;;;x
PROV1363;Stormrock;Stormrock;Stormrock;;;;;;;;;x
PROV1364;Rainrock;Rainrock;Rainrock;;;;;;;;;x
PROV1365;Bone Mountains;Bone Mountains;Bone Mountains;;;;;;;;;x
PROV1366;The Skypass;The Skypass;The Skypass;;;;;;;;;x
PROV1367;The Blackmont;The Blackmont;The Blackmont;;;;;;;;;x
PROV1368;The Blackpass;The Blackpass;The Blackpass;;;;;;;;;x
PROV1369;The Sandstone;The Sandstone;The Sandstone;;;;;;;;;x
PROV1370;Reach's Edge;Reach's Edge;Reach's Edge;;;;;;;;;x
PROV1371;The Blue Horn;The Blue Horn;The Blue Horn;;;;;;;;;x
PROV1372;The Fist of the First Men;The Fist of the First Men;The Fist of the First Men;;;;;;;;;x
PROV1373;The Moon Hills;The Moon Hills;The Moon Hills;;;;;;;;;x
PROV1374;The Dark;The Dark;The Dark;;;;;;;;;x
PROV1375;Northup;Northup;Northup;;;;;;;;;x
PROV1376;Crow's Rest;Crow's Rest;Crow's Rest;;;;;;;;;x
PROV1377;Shorestone;Shorestone;Shorestone;;;;;;;;;x
PROV1378;Icestone;Icestone;Icestone;;;;;;;;;x
PROV1379;Pentoshi Point;Pentoshi Point;Pentoshi Point;;;;;;;;;x
PROV1380;Freemen's Rock;Freemen's Rock;Freemen's Rock;;;;;;;;;x
PROV1381;Sunset Point;Sunset Point;Sunset Point;;;;;;;;;x
PROV1382;Seberov;Seberov;Seberov;;;;;;;;;x
PROV1383;The Father;The Father;The Father;;;;;;;;;x
PROV1384;The Stranger;The Stranger;The Stranger;;;;;;;;;x
PROV1385;The Maiden;The Maiden;The Maiden;;;;;;;;;x
PROV1386;The Smith;The Smith;The Smith;;;;;;;;;x
PROV1387;The Mother;The Mother;The Mother;;;;;;;;;x
PROV1388;Lorath's Edge;Lorath's Edge;Lorath's Edge;;;;;;;;;x
PROV1389;The Singer;The Singer;The Singer;;;;;;;;;x
PROV1390;The Crone;The Crone;The Crone;;;;;;;;;x
PROV1391;Grappani;Grappani;Grappani;;;;;;;;;x
PROV1392;Lorath's Rest;Lorath's Rest;Lorath's Rest;;;;;;;;;x
PROV1393;Velvet Mountains;Velvet Mountains;Velvet Mountains;;;;;;;;;x
PROV1394;The Swamps;The Swamps;The Swamps;;;;;;;;;x
PROV1395;Rhoyne;Rhoyne;Rhoyne;;;;;;;;;x
PROV1396;Myr Lake;Myr Lake;Myr Lake;;;;;;;;;x
PROV1397;Disputed Lakes;Disputed Lakes;Disputed Lakes;;;;;;;;;x
PROV1398;Torrhens Lake;Torrhens Lake;Torrhens Lake;;;;;;;;;x
PROV1399;Barrow Lake;Barrow Lake;Barrow Lake;;;;;;;;;x
PROV1400;Southern Winter Lake;Southern Winter Lake;Southern Winter Lake;;;;;;;;;x
PROV1401;Western Winter Lake;Western Winter Lake;Western Winter Lake;;;;;;;;;x
PROV1402;Northern Winter Lakes;Northern Winter Lakes;Northern Winter Lakes;;;;;;;;;x
PROV1403;Frozen Geysir;Frozen Geysir;Frozen Geysir;;;;;;;;;x
PROV1404;Eastern Winter Lakes;Eastern Winter Lakes;Eastern Winter Lakes;;;;;;;;;x
PROV1405;Rowan's Grave;Rowan's Grave;Rowan's Grave;;;;;;;;;x
PROV1406;Cornlake;Cornlake;Cornlake;;;;;;;;;x
PROV1407;Red Lake;Red Lake;Red Lake;;;;;;;;;x
PROV1408;Green Fork;Green Fork;Green Fork;;;;;;;;;x
PROV1409;The Trident;The Trident;The Trident;;;;;;;;;x
PROV1410;Bay of Claws;Bay of Claws;Bay of Claws;;;;;;;;;x
PROV1411;Red Fork;Red Fork;Red Fork;;;;;;;;;x
PROV1412;Blue Fork;Blue Fork;Blue Fork;;;;;;;;;x
PROV1413;Green Fork;Green Fork;Green Fork;;;;;;;;;x
PROV1414;Green Fork;Green Fork;Green Fork;;;;;;;;;x
PROV1415;Blue Fork;Blue Fork;Blue Fork;;;;;;;;;x
PROV1416;White Knife;White Knife;White Knife;;;;;;;;;x
PROV1417;White Knife;White Knife;White Knife;;;;;;;;;x
PROV1418;Long Lake;Long Lake;Long Lake;;;;;;;;;x
PROV1419;White Knife;White Knife;White Knife;;;;;;;;;x
PROV1420;Red Fork;Red Fork;Red Fork;;;;;;;;;x
PROV1421;The Last River;The Last River;The Last River;;;;;;;;;x
PROV1422;The Last River;The Last River;The Last River;;;;;;;;;x
PROV1423;Blackwater Rush;Blackwater Rush;Blackwater Rush;;;;;;;;;x
PROV1424;Blackwater Rush;Blackwater Rush;Blackwater Rush;;;;;;;;;x
PROV1425;Blackwater Rush;Blackwater Rush;Blackwater Rush;;;;;;;;;x
PROV1426;God's Mouth;God's Mouth;God's Mouth;;;;;;;;;x
PROV1427;God's Eye;God's Eye;God's Eye;;;;;;;;;x
PROV1428;The Greenblood;The Greenblood;The Greenblood;;;;;;;;;x
PROV1429;The Greenblood;The Greenblood;The Greenblood;;;;;;;;;x
PROV1430;The Greenblood;The Greenblood;The Greenblood;;;;;;;;;x
PROV1431;The Mander;The Mander;The Mander;;;;;;;;;x
PROV1432;The Mander;The Mander;The Mander;;;;;;;;;x
PROV1433;Mander Delta;Mander Delta;Mander Delta;;;;;;;;;x
PROV1434;The Mander;The Mander;The Mander;;;;;;;;;x
PROV1435;Bronze Rush;Bronze Rush;Bronze Rush;;;;;;;;;x
PROV1436;Bronze Rush;Bronze Rush;Bronze Rush;;;;;;;;;x
PROV1437;Southern Step Sea;Southern Step Sea;Southern Step Sea;;;;;;;;;x
PROV1438;Saphire Sea;Saphire Sea;Saphire Sea;;;;;;;;;x
PROV1439;The Torrentine;The Torrentine;The Torrentine;;;;;;;;;x
PROV1440;Misty River;Misty River;Misty River;;;;;;;;;x
PROV1441;Lysene Shore;Lysene Shore;Lysene Shore;;;;;;;;;x
PROV1442;Northern Narrow Sea;Northern Narrow Sea;Northern Narrow Sea;;;;;;;;;x
PROV1443;Northern Narrow Sea;Northern Narrow Sea;Northern Narrow Sea;;;;;;;;;x
PROV1444;Northern Narrow Sea;Northern Narrow Sea;Northern Narrow Sea;;;;;;;;;x
PROV1445;Northern Narrow Sea;Northern Narrow Sea;Northern Narrow Sea;;;;;;;;;x
PROV1446;Northern Narrow Sea;Northern Narrow Sea;Northern Narrow Sea;;;;;;;;;x
PROV1447;Northern Narrow Sea;Northern Narrow Sea;Northern Narrow Sea;;;;;;;;;x
PROV1448;Central Narrow Sea;Central Narrow Sea;Central Narrow Sea;;;;;;;;;x
PROV1449;Central Narrow Sea;Central Narrow Sea;Central Narrow Sea;;;;;;;;;x
PROV1450;Central Narrow Sea;Central Narrow Sea;Central Narrow Sea;;;;;;;;;x
PROV1451;Central Narrow Sea;Central Narrow Sea;Central Narrow Sea;;;;;;;;;x
PROV1452;Central Narrow Sea;Central Narrow Sea;Central Narrow Sea;;;;;;;;;x
PROV1453;Central Narrow Sea;Central Narrow Sea;Central Narrow Sea;;;;;;;;;x
PROV1454;Southwestern Gullet;Southwestern Gullet;Southwestern Gullet;;;;;;;;;x
PROV1455;Northeastern Gullet;Northeastern Gullet;Northeastern Gullet;;;;;;;;;x
PROV1456;Southeastern Gullet;Southeastern Gullet;Southeastern Gullet;;;;;;;;;x
PROV1457;Norhwestern Gullet;Norhwestern Gullet;Norhwestern Gullet;;;;;;;;;x
PROV1458;The Steps Sea;The Steps Sea;The Steps Sea;;;;;;;;;x
PROV1459;The Steps Sea;The Steps Sea;The Steps Sea;;;;;;;;;x
PROV1460;The Steps Sea;The Steps Sea;The Steps Sea;;;;;;;;;x
PROV1461;The Steps Sea;The Steps Sea;The Steps Sea;;;;;;;;;x
PROV1462;The Steps Sea;The Steps Sea;The Steps Sea;;;;;;;;;x
PROV1463;The Steps Sea;The Steps Sea;The Steps Sea;;;;;;;;;x
PROV1464;Eastern Sea of Dorne;Eastern Sea of Dorne;Eastern Sea of Dorne;;;;;;;;;x
PROV1465;Southern Sea of Dorne;Southern Sea of Dorne;Southern Sea of Dorne;;;;;;;;;x
PROV1466;Sea of Wrath;Sea of Wrath;Sea of Wrath;;;;;;;;;x
PROV1467;The Finger's Sea;The Finger's Sea;The Finger's Sea;;;;;;;;;x
PROV1468;Crab's Mouth;Crab's Mouth;Crab's Mouth;;;;;;;;;x
PROV1469;Gull Bay;Gull Bay;Gull Bay;;;;;;;;;x
PROV1470;Central Blackwater Bay;Central Blackwater Bay;Central Blackwater Bay;;;;;;;;;x
PROV1471;Southern Blackwater Bay;Southern Blackwater Bay;Southern Blackwater Bay;;;;;;;;;x
PROV1472;Northern Blackwater Bay;Northern Blackwater Bay;Northern Blackwater Bay;;;;;;;;;x
PROV1473;Massey's Bay;Massey's Bay;Massey's Bay;;;;;;;;;x
PROV1474;Bronze Shore;Bronze Shore;Bronze Shore;;;;;;;;;x
PROV1475;Shipbreaker Bay;Shipbreaker Bay;Shipbreaker Bay;;;;;;;;;x
PROV1476;South Carrion Pass;South Carrion Pass;South Carrion Pass;;;;;;;;;x
PROV1477;Northern Carrion Pass;Northern Carrion Pass;Northern Carrion Pass;;;;;;;;;x
PROV1478;Vulture's Nest;Vulture's Nest;Vulture's Nest;;;;;;;;;x
PROV1479;Boneyard;Boneyard;Boneyard;;;;;;;;;x
PROV1480;Straits of Tarth;Straits of Tarth;Straits of Tarth;;;;;;;;;x
PROV1481;Eastern Straits;Eastern Straits;Eastern Straits;;;;;;;;;x
PROV1482;Rain Sea;Rain Sea;Rain Sea;;;;;;;;;x
PROV1483;Andal Coast;Andal Coast;Andal Coast;;;;;;;;;x
PROV1484;Wystead;Wystead;Wystead;;;;;;;;;x
PROV1485;Andal Sea;Andal Sea;Andal Sea;;;;;;;;;x
PROV1486;Pentoshi Coast;Pentoshi Coast;Pentoshi Coast;;;;;;;;;x
PROV1487;Pentos Bay;Pentos Bay;Pentos Bay;;;;;;;;;x
PROV1488;Sea of Myrth;Sea of Myrth;Sea of Myrth;;;;;;;;;x
PROV1489;The Summer Sea;The Summer Sea;The Summer Sea;;;;;;;;;x
PROV1490;Sunset Summer Sea;Sunset Summer Sea;Sunset Summer Sea;;;;;;;;;x
PROV1491;Northern Summer Sea;Northern Summer Sea;Northern Summer Sea;;;;;;;;;x
PROV1492;Northern Summer Sea;Northern Summer Sea;Northern Summer Sea;;;;;;;;;x
PROV1493;Northwestern Summer Sea;Northwestern Summer Sea;Northwestern Summer Sea;;;;;;;;;x
PROV1494;Sun Isle;Sun Isle;Sun Isle;;;;;;;;;x
PROV1495;Sweetport Sound;Sweetport Sound;Sweetport Sound;;;;;;;;;x
PROV1496;Star Isle;Star Isle;Star Isle;;;;;;;;;x
PROV1497;Witch Isle;Witch Isle;Witch Isle;;;;;;;;;x
PROV1498;Norrey;Norrey;Norrey;;;;;;;;;x
PROV1499;Oxenos;Oxenos;Oxenos;;;;;;;;;x
PROV1500;Shale;Shale;Shale;;;;;;;;;x
PROV1501;Harclay;Harclay;Harclay;;;;;;;;;x
PROV1502;Wull;Wull;Wull;;;;;;;;;x
PROV1503;Liddle;Liddle;Liddle;;;;;;;;;x
PROV1504;Knott;Knott;Knott;;;;;;;;;x
PROV1505;Caw;Caw;Caw;;;;;;;;;x
PROV1506;Norstale;Norstale;Norstale;;;;;;;;;x
PROV1507;Quiet Isle;Quiet Isle;Quiet Isle;;;;;;;;;x
PROV1508;Kar Isle;Kar Isle;Kar Isle;;;;;;;;;x
PROV1509;Northwestern Summer Sea;Northwestern Summer Sea;Northwestern Summer Sea;;;;;;;;;x
PROV1510;Sunspear Coast;Sunspear Coast;Sunspear Coast;;;;;;;;;x
PROV1511;Sea of Lys;Sea of Lys;Sea of Lys;;;;;;;;;x
PROV1512;Narrow Shivering Sea;Narrow Shivering Sea;Narrow Shivering Sea;;;;;;;;;x
PROV1513;Narrow Shivering Sea;Narrow Shivering Sea;Narrow Shivering Sea;;;;;;;;;x
PROV1514;Northwestern Shivering Sea;Northwestern Shivering Sea;Northwestern Shivering Sea;;;;;;;;;x
PROV1515;Western Shivering Sea;Western Shivering Sea;Western Shivering Sea;;;;;;;;;x
PROV1516;Western Shivering Sea;Western Shivering Sea;Western Shivering Sea;;;;;;;;;x
PROV1517;Western Shivering Sea;Western Shivering Sea;Western Shivering Sea;;;;;;;;;x
PROV1518;The Shivering Sea;The Shivering Sea;The Shivering Sea;;;;;;;;;x
PROV1519;The Shivering Sea;The Shivering Sea;The Shivering Sea;;;;;;;;;x
PROV1520;The Shivering Sea;The Shivering Sea;The Shivering Sea;;;;;;;;;x
PROV1521;The Shivering Sea;The Shivering Sea;The Shivering Sea;;;;;;;;;x
PROV1522;Northern Bay of Seals;Northern Bay of Seals;Northern Bay of Seals;;;;;;;;;x
PROV1523;Southern Bay of Seals;Southern Bay of Seals;Southern Bay of Seals;;;;;;;;;x
PROV1524;The Eastern Bite Sea;The Eastern Bite Sea;The Eastern Bite Sea;;;;;;;;;x
PROV1525;The Southeastern Bite Sea;The Southeastern Bite Sea;The Southeastern Bite Sea;;;;;;;;;x
PROV1526;The Western Bite Sea;The Western Bite Sea;The Western Bite Sea;;;;;;;;;x
PROV1527;The Central Bite Sea;The Central Bite Sea;The Central Bite Sea;;;;;;;;;x
PROV1528;The Northwestern Bite Sea;The Northwestern Bite Sea;The Northwestern Bite Sea;;;;;;;;;x
PROV1529;Lorath Bay;Lorath Bay;Lorath Bay;;;;;;;;;x
PROV1530;Braavosi Coast;Braavosi Coast;Braavosi Coast;;;;;;;;;x
PROV1531;Frozen Sea;Frozen Sea;Frozen Sea;;;;;;;;;x
PROV1532;Last River Bay;Last River Bay;Last River Bay;;;;;;;;;x
PROV1533;Hardhome Bay;Hardhome Bay;Hardhome Bay;;;;;;;;;x
PROV1534;White Knife Delta;White Knife Delta;White Knife Delta;;;;;;;;;x
PROV1535;The Sunset Sea;The Sunset Sea;The Sunset Sea;;;;;;;;;x
PROV1536;The Sunset Sea;The Sunset Sea;The Sunset Sea;;;;;;;;;x
PROV1537;Lonely Sea;Lonely Sea;Lonely Sea;;;;;;;;;x
PROV1538;Central Sunset Sea;Central Sunset Sea;Central Sunset Sea;;;;;;;;;x
PROV1539;Central Sunset Sea;Central Sunset Sea;Central Sunset Sea;;;;;;;;;x
PROV1540;Central Sunset Sea;Central Sunset Sea;Central Sunset Sea;;;;;;;;;x
PROV1541;Central Sunset Sea;Central Sunset Sea;Central Sunset Sea;;;;;;;;;x
PROV1542;Central Sunset Sea;Central Sunset Sea;Central Sunset Sea;;;;;;;;;x
PROV1543;Central Sunset Sea;Central Sunset Sea;Central Sunset Sea;;;;;;;;;x
PROV1544;Central Sunset Sea;Central Sunset Sea;Central Sunset Sea;;;;;;;;;x
PROV1545;Southern Sunset Sea;Southern Sunset Sea;Southern Sunset Sea;;;;;;;;;x
PROV1546;Northern Sunset Sea;Northern Sunset Sea;Northern Sunset Sea;;;;;;;;;x
PROV1547;Northern Crakehall Shore;Northern Crakehall Shore;Northern Crakehall Shore;;;;;;;;;x
PROV1548;Southern Crakehall Shore;Southern Crakehall Shore;Southern Crakehall Shore;;;;;;;;;x
PROV1549;Western Shields Sea;Western Shields Sea;Western Shields Sea;;;;;;;;;x
PROV1550;Northern Shields Sea;Northern Shields Sea;Northern Shields Sea;;;;;;;;;x
PROV1551;Southern Shields Sea;Southern Shields Sea;Southern Shields Sea;;;;;;;;;x
PROV1552;Central Shields Sea;Central Shields Sea;Central Shields Sea;;;;;;;;;x
PROV1553;Central Iron Bay;Central Iron Bay;Central Iron Bay;;;;;;;;;x
PROV1554;Eastern Iron Bay;Eastern Iron Bay;Eastern Iron Bay;;;;;;;;;x
PROV1555;Northern Iron Bay;Northern Iron Bay;Northern Iron Bay;;;;;;;;;x
PROV1556;Northern Iron Bay;Northern Iron Bay;Northern Iron Bay;;;;;;;;;x
PROV1557;Southeastern Iron Sea;Southeastern Iron Sea;Southeastern Iron Sea;;;;;;;;;x
PROV1558;Southern Iron Bay;Southern Iron Bay;Southern Iron Bay;;;;;;;;;x
PROV1559;Iron Sea;Iron Sea;Iron Sea;;;;;;;;;x
PROV1560;Iron Sea;Iron Sea;Iron Sea;;;;;;;;;x
PROV1561;Iron Sea;Iron Sea;Iron Sea;;;;;;;;;x
PROV1562;Iron Sea;Iron Sea;Iron Sea;;;;;;;;;x
PROV1563;Iron Sea;Iron Sea;Iron Sea;;;;;;;;;x
PROV1564;Iron Sea;Iron Sea;Iron Sea;;;;;;;;;x
PROV1565;Coast of Pyke;Coast of Pyke;Coast of Pyke;;;;;;;;;x
PROV1566;Northeast Bay of Ice;Northeast Bay of Ice;Northeast Bay of Ice;;;;;;;;;x
PROV1567;Southern Bay of Ice;Southern Bay of Ice;Southern Bay of Ice;;;;;;;;;x
PROV1568;Northern Bay of Ice;Northern Bay of Ice;Northern Bay of Ice;;;;;;;;;x
PROV1569;Southeastern Bay of Ice;Southeastern Bay of Ice;Southeastern Bay of Ice;;;;;;;;;x
PROV1570;Sunice Sea;Sunice Sea;Sunice Sea;;;;;;;;;x
PROV1571;Snow White Sea;Snow White Sea;Snow White Sea;;;;;;;;;x
PROV1572;Icy Bay;Icy Bay;Icy Bay;;;;;;;;;x
PROV1573;Fair Isle Sea;Fair Isle Sea;Fair Isle Sea;;;;;;;;;x
PROV1574;Stony Bay;Stony Bay;Stony Bay;;;;;;;;;x
PROV1575;Northern Stony Sea;Northern Stony Sea;Northern Stony Sea;;;;;;;;;x
PROV1576;Southern Stony Sea;Southern Stony Sea;Southern Stony Sea;;;;;;;;;x
PROV1577;Northern Blazewater Bay;Northern Blazewater Bay;Northern Blazewater Bay;;;;;;;;;x
PROV1578;Whispering Sound;Whispering Sound;Whispering Sound;;;;;;;;;x
PROV1579;Casterly Shore;Casterly Shore;Casterly Shore;;;;;;;;;x
PROV1580;Blazewater Bay;Blazewater Bay;Blazewater Bay;;;;;;;;;x
PROV1581;Blazewater Bay;Blazewater Bay;Blazewater Bay;;;;;;;;;x
PROV1582;Redwyne Strait;Redwyne Strait;Redwyne Strait;;;;;;;;;x
PROV1583;Stony Coast;Stony Coast;Stony Coast;;;;;;;;;x
PROV1584;Kraken Shore;Kraken Shore;Kraken Shore;;;;;;;;;x
PROV1585;Blackshore;Blackshore;Blackshore;;;;;;;;;x
PROV1586;Bay of Oldtown;Bay of Oldtown;Bay of Oldtown;;;;;;;;;x
PROV1587;Starfall Bay;Starfall Bay;Starfall Bay;;;;;;;;;x
PROV1588;Rhoyne;Rhoyne;Rhoyne;;;;;;;;;x
PROV1589;Rhoyne;Rhoyne;Rhoyne;;;;;;;;;x
PROV1590;Rhoyne;Rhoyne;Rhoyne;;;;;;;;;x
PROV1591;The Greenblood;The Greenblood;The Greenblood;;;;;;;;;x
PROV1592;The Greenblood;The Greenblood;The Greenblood;;;;;;;;;x
PROV1593;The Lands of Always Winter;The Lands of Always Winter;The Lands of Always Winter;;;;;;;;;x
PROV1594;Blackrock;Blackrock;Blackrock;;;;;;;;;x
PROV1595;The Cliffe;The Cliffe;The Cliffe;;;;;;;;;x
PROV1596;The Finger's Sea;The Finger's Sea;The Finger's Sea;;;;;;;;;x
PROV1597;The Finger's Sea;The Finger's Sea;The Finger's Sea;;;;;;;;;x
PROV1598;The Finger's Sea;The Finger's Sea;The Finger's Sea;;;;;;;;;x
PROV1599;The Finger's Sea;The Finger's Sea;The Finger's Sea;;;;;;;;;x
PROV1600;The Ward;The Ward;The Ward;;;;;;;;;x
PROV1601;Bay of Braavos;Bay of Braavos;Bay of Braavos;;;;;;;;;x
PROV1602;Tyroshi Channel;Tyroshi Channel;Tyroshi Channel;;;;;;;;;x
PROV1603;Eastern Blackwater Bay;Eastern Blackwater Bay;Eastern Blackwater Bay;;;;;;;;;x
PROV1604;Westtown;Westtown;Westtown;;;;;;;;;x
PROV1605;Easttown;Easttown;Easttown;;;;;;;;;x
PROV1606;Warfton;Warfton;Warfton;;;;;;;;;x
PROV1607;Wiming;Wiming;Wiming;;;;;;;;;x
PROV1608;Mudd Swamp;Mudd Swamp;Mudd Swamp;;;;;;;;;x
PROV1609;The Swamps;The Swamps;The Swamps;;;;;;;;;x
PROV1610;The Swamps;The Swamps;The Swamps;;;;;;;;;x
PROV1611;Greywater Rock;Greywater Rock;Greywater Rock;;;;;;;;;x
PROV1612;The Swamps;The Swamps;The Swamps;;;;;;;;;x
PROV1613;Tormont;Tormont;Tormont;;;;;;;;;x
PROV1614;Scourge Rock;Scourge Rock;Scourge Rock;;;;;;;;;x
PROV1615;Hellmont;Hellmont;Hellmont;;;;;;;;;x
PROV1616;Carrion Pass;Carrion Pass;Carrion Pass;;;;;;;;;x
PROV1617;Lannis Bay;Lannis Bay;Lannis Bay;;;;;;;;;x
