ca_settlement_1;Hill Fort;;;;;;;;;;;;;x
ca_settlement_1_desc;PLACEHOLDER DESC;;;;;;;;;;;;;x
ca_settlement_2;Motte and Bailey;;;;;;;;;;;;;x
ca_settlement_2_desc;PLACEHOLDER DESC;;;;;;;;;;;;;x
ca_settlement_3;Stronghold;;;;;;;;;;;;;x
ca_settlement_3_desc;PLACEHOLDER DESC;;;;;;;;;;;;;x
ca_settlement_4;Stone Castle;;;;;;;;;;;;;x
ca_settlement_4_desc;PLACEHOLDER DESC;;;;;;;;;;;;;x
ca_settlement_5;Concentric Stone Castle;;;;;;;;;;;;;x
ca_settlement_5_desc;PLACEHOLDER DESC;;;;;;;;;;;;;x
ca_settlement_6;Lesser Bastion;;;;;;;;;;;;;x
ca_settlement_6_desc;PLACEHOLDER DESC;;;;;;;;;;;;;x
ca_settlement_7;Bastion;;;;;;;;;;;;;x
ca_settlement_7_desc;PLACEHOLDER DESC;;;;;;;;;;;;;x
ca_settlement_8;Fortress;;;;;;;;;;;;;x
ca_settlement_8_desc;PLACEHOLDER DESC;;;;;;;;;;;;;x
ca_settlement_9;Citadel;;;;;;;;;;;;;x
ca_settlement_9_desc;PLACEHOLDER DESC;;;;;;;;;;;;;x
ca_settlement_10;Sprawling Citadel;;;;;;;;;;;;;x
ca_settlement_10_desc;PLACEHOLDER DESC;;;;;;;;;;;;;x
ca_walls_1;Primitive Breastwork;;;;;;;;;;;;;x
ca_walls_1_desc;PLACEHOLDER DESC;;;;;;;;;;;;;x
ca_walls_2;Extensive Breastwork;;;;;;;;;;;;;x
ca_walls_2_desc;PLACEHOLDER DESC;;;;;;;;;;;;;x
ca_walls_3;Stockade;;;;;;;;;;;;;x
ca_walls_3_desc;PLACEHOLDER DESC;;;;;;;;;;;;;x
ca_walls_4;Palisade Walls;;;;;;;;;;;;;x
ca_walls_4_desc;PLACEHOLDER DESC;;;;;;;;;;;;;x
ca_walls_5;Wooden Walls;;;;;;;;;;;;;x
ca_walls_5_desc;PLACEHOLDER DESC;;;;;;;;;;;;;x
ca_walls_6;Wood and Stone Walls;;;;;;;;;;;;;x
ca_walls_6_desc;PLACEHOLDER DESC;;;;;;;;;;;;;x
ca_walls_7;Stone Walls;;;;;;;;;;;;;x
ca_walls_7_desc;PLACEHOLDER DESC;;;;;;;;;;;;;x
ca_walls_8;Strengthened Stone Walls;;;;;;;;;;;;;x
ca_walls_8_desc;PLACEHOLDER DESC;;;;;;;;;;;;;x
ca_walls_9;Tall Stone Walls;;;;;;;;;;;;;x
ca_walls_9_desc;PLACEHOLDER DESC;;;;;;;;;;;;;x
ca_walls_10;Great Stone Bulwark ;;;;;;;;;;;;;x
ca_walls_10_desc;PLACEHOLDER DESC;;;;;;;;;;;;;x
ca_town_1;Outlying Cottages;;;;;;;;;;;;;x
ca_town_1_desc;PLACEHOLDER DESC;;;;;;;;;;;;;x
ca_town_2;Scattered Hamlet;;;;;;;;;;;;;x
ca_town_2_desc;PLACEHOLDER DESC;;;;;;;;;;;;;x
ca_town_3;Clustered Hamlet;;;;;;;;;;;;;x
ca_town_3_desc;PLACEHOLDER DESC;;;;;;;;;;;;;x
ca_town_4;Meagre Castle Village;;;;;;;;;;;;;x
ca_town_4_desc;PLACEHOLDER DESC;;;;;;;;;;;;;x
ca_town_5;Small Castle Village;;;;;;;;;;;;;x
ca_town_5_desc;PLACEHOLDER DESC;;;;;;;;;;;;;x
ca_town_6;Sizeable Castle Village;;;;;;;;;;;;;x
ca_town_6_desc;PLACEHOLDER DESC;;;;;;;;;;;;;x
ca_town_7;Meagre Castle Town;;;;;;;;;;;;;x
ca_town_7_desc;PLACEHOLDER DESC;;;;;;;;;;;;;x
ca_town_8;Noteworthy Castle Town;;;;;;;;;;;;;x
ca_town_8_desc;PLACEHOLDER DESC;;;;;;;;;;;;;x
ca_town_9;Sizeable Castle Town;;;;;;;;;;;;;x
ca_town_9_desc;PLACEHOLDER DESC;;;;;;;;;;;;;x
ca_town_10;Large, Flourishing Castle Town;;;;;;;;;;;;;x
ca_town_10_desc;PLACEHOLDER DESC;;;;;;;;;;;;;x
ca_town_11;Sprawling Regional Settlements;;;;;;;;;;;;;x
ca_town_11_desc;PLACEHOLDER DESC;;;;;;;;;;;;;x
ca_recruit_1;Primitive Levying;;;;;;;;;;;;;x
ca_recruit_1_desc;PLACEHOLDER DESC;;;;;;;;;;;;;x
ca_recruit_2;Rudimentry Levying;;;;;;;;;;;;;x
ca_recruit_2_desc;PLACEHOLDER DESC;;;;;;;;;;;;;x
ca_recruit_3;Well-Established Levying;;;;;;;;;;;;;x
ca_recruit_3_desc;PLACEHOLDER DESC;;;;;;;;;;;;;x
ca_recruit_4;Elaborate Levying;;;;;;;;;;;;;x
ca_recruit_4_desc;PLACEHOLDER DESC;;;;;;;;;;;;;x
ca_recruit_5;Regional Draft;;;;;;;;;;;;;x
ca_recruit_5_desc;PLACEHOLDER DESC;;;;;;;;;;;;;x
ca_barracks_1;Farmhouse Infantry Bunks;;;;;;;;;;;;;x
ca_barracks_1_desc;PLACEHOLDER DESC;;;;;;;;;;;;;x
ca_barracks_2;Crude Infantry Barracks;;;;;;;;;;;;;x
ca_barracks_2_desc;PLACEHOLDER DESC;;;;;;;;;;;;;x
ca_barracks_3;Small Infantry Barracks;;;;;;;;;;;;;x
ca_barracks_3_desc;PLACEHOLDER DESC;;;;;;;;;;;;;x
ca_barracks_4;Modest Infantry Barracks;;;;;;;;;;;;;x
ca_barracks_4_desc;PLACEHOLDER DESC;;;;;;;;;;;;;x
ca_barracks_5;Sizeable Infantry Barracks;;;;;;;;;;;;;x
ca_barracks_5_desc;PLACEHOLDER DESC;;;;;;;;;;;;;x
ca_barracks_6;Large Infantry Barracks;;;;;;;;;;;;;x
ca_barracks_6_desc;PLACEHOLDER DESC;;;;;;;;;;;;;x
ca_barracks_7;Infantry Barracks Wing;;;;;;;;;;;;;x
ca_barracks_7_desc;PLACEHOLDER DESC;;;;;;;;;;;;;x
ca_bowyer_1;Rudimentry Bowyer;;;;;;;;;;;;;x
ca_bowyer_1_desc;PLACEHOLDER DESC;;;;;;;;;;;;;x
ca_bowyer_2;Small Bowyer;;;;;;;;;;;;;x
ca_bowyer_2_desc;PLACEHOLDER DESC;;;;;;;;;;;;;x
ca_bowyer_3;Modest Bowyer;;;;;;;;;;;;;x
ca_bowyer_3_desc;PLACEHOLDER DESC;;;;;;;;;;;;;x
ca_bowyer_4;Bowyer;;;;;;;;;;;;;x
ca_bowyer_4_desc;PLACEHOLDER DESC;;;;;;;;;;;;;x
ca_bowyer_5;Sizeable Bowyer;;;;;;;;;;;;;x
ca_bowyer_5_desc;PLACEHOLDER DESC;;;;;;;;;;;;;x
ca_bowyer_6;Established Bowyer;;;;;;;;;;;;;x
ca_bowyer_6_desc;PLACEHOLDER DESC;;;;;;;;;;;;;x
ca_bowyer_7;Large Bowyer;;;;;;;;;;;;;x
ca_bowyer_7_desc;PLACEHOLDER DESC;;;;;;;;;;;;;x
ca_stables_1;Dedicated Horse Hitches;;;;;;;;;;;;;x
ca_stables_1_desc;PLACEHOLDER DESC;;;;;;;;;;;;;x
ca_stables_2;Small Thatched Stable;;;;;;;;;;;;;x
ca_stables_2_desc;PLACEHOLDER DESC;;;;;;;;;;;;;x
ca_stables_3;Thatched Stables;;;;;;;;;;;;;x
ca_stables_3_desc;PLACEHOLDER DESC;;;;;;;;;;;;;x
ca_stables_4;Large Thatched Stables;;;;;;;;;;;;;x
ca_stables_4_desc;PLACEHOLDER DESC;;;;;;;;;;;;;x
ca_stables_5;Small Castle Stables;;;;;;;;;;;;;x
ca_stables_5_desc;PLACEHOLDER DESC;;;;;;;;;;;;;x
ca_stables_6;Sizeable Castle Stables;;;;;;;;;;;;;x
ca_stables_6_desc;PLACEHOLDER DESC;;;;;;;;;;;;;x
ca_stables_7;Large Castle Stables;;;;;;;;;;;;;x
ca_stables_7_desc;PLACEHOLDER DESC;;;;;;;;;;;;;x
ca_pat_1;Infrequent Foot Patrols;;;;;;;;;;;;;x
ca_pat_1_desc;PLACEHOLDER DESC;;;;;;;;;;;;;x
ca_pat_2;Irregular Foot Patrols;;;;;;;;;;;;;x
ca_pat_2_desc;PLACEHOLDER DESC;;;;;;;;;;;;;x
ca_pat_3;Regular Foot Patrols;;;;;;;;;;;;;x
ca_pat_3_desc;PLACEHOLDER DESC;;;;;;;;;;;;;x
ca_pat_4;Frequent Foot Patrols;;;;;;;;;;;;;x
ca_pat_4_desc;PLACEHOLDER DESC;;;;;;;;;;;;;x
ca_pat_5;Infrequent Cavalry Patrols;;;;;;;;;;;;;x
ca_pat_5_desc;PLACEHOLDER DESC;;;;;;;;;;;;;x
ca_pat_6;Irregular Cavalry Patrols;;;;;;;;;;;;;x
ca_pat_6_desc;PLACEHOLDER DESC;;;;;;;;;;;;;x
ca_pat_7;Regular Cavalry Patrols;;;;;;;;;;;;;x
ca_pat_7_desc;PLACEHOLDER DESC;;;;;;;;;;;;;x
ca_pat_8;Frequent Cavalry Patrols;;;;;;;;;;;;;x
ca_pat_8_desc;PLACEHOLDER DESC;;;;;;;;;;;;;x
ca_toll_1;Trivial Arterial Tolling;;;;;;;;;;;;;x
ca_toll_1_desc;PLACEHOLDER DESC;;;;;;;;;;;;;x
ca_toll_2;Arterial Tolling;;;;;;;;;;;;;x
ca_toll_2_desc;PLACEHOLDER DESC;;;;;;;;;;;;;x
ca_toll_3;Established Arterial Tolling;;;;;;;;;;;;;x
ca_toll_3_desc;PLACEHOLDER DESC;;;;;;;;;;;;;x
ca_toll_4;Well-Established Arterial Tolling;;;;;;;;;;;;;x
ca_toll_4_desc;PLACEHOLDER DESC;;;;;;;;;;;;;x
ca_toll_5;Widespread Tolling;;;;;;;;;;;;;x
ca_toll_5_desc;PLACEHOLDER DESC;;;;;;;;;;;;;x
ca_toll_6;Extensive Widespread Tolling;;;;;;;;;;;;;x
ca_toll_6_desc;PLACEHOLDER DESC;;;;;;;;;;;;;x
ca_port_1;Primitive Pier;;;;;;;;;;;;;x
ca_port_1_desc;PLACEHOLDER DESC;;;;;;;;;;;;;x
ca_port_2;Rudimentry Harbour;;;;;;;;;;;;;x
ca_port_2_desc;PLACEHOLDER DESC;;;;;;;;;;;;;x
ca_port_3;Well-Established Harbour;;;;;;;;;;;;;x
ca_port_3_desc;PLACEHOLDER DESC;;;;;;;;;;;;;x
ca_port_4;Military Port;;;;;;;;;;;;;x
ca_port_4_desc;PLACEHOLDER DESC;;;;;;;;;;;;;x
ca_port_5;Regional Military Port;;;;;;;;;;;;;x
ca_port_5_desc;PLACEHOLDER DESC;;;;;;;;;;;;;x
ca_smith_1;Primitive Blacksmith's Forge;;;;;;;;;;;;;x
ca_smith_1_desc;PLACEHOLDER DESC;;;;;;;;;;;;;x
ca_smith_2;Crude Blacksmiths Forge;;;;;;;;;;;;;x
ca_smith_2_desc;PLACEHOLDER DESC;;;;;;;;;;;;;x
ca_smith_3;Established Blacksmith's Forge;;;;;;;;;;;;;x
ca_smith_3_desc;PLACEHOLDER DESC;;;;;;;;;;;;;x
ca_smith_4;Sizeable Blacksmith's Forge;;;;;;;;;;;;;x
ca_smith_4_desc;PLACEHOLDER DESC;;;;;;;;;;;;;x
ca_smith_5;Small Blacksmithy;;;;;;;;;;;;;x
ca_smith_5_desc;PLACEHOLDER DESC;;;;;;;;;;;;;x
ca_smith_6;Sizeable Blacksmithy;;;;;;;;;;;;;x
ca_smith_6_desc;PLACEHOLDER DESC;;;;;;;;;;;;;x
ca_smith_7;Large Blacksmithy;;;;;;;;;;;;;x
ca_smith_7_desc;PLACEHOLDER DESC;;;;;;;;;;;;;x
ca_weaponsmithy_1;Primitive Weaponsmithy;;;;;;;;;;;;;x
ca_weaponsmithy_1_desc;PLACEHOLDER DESC;;;;;;;;;;;;;x
ca_weaponsmithy_2;Crude Weaponsmithy;;;;;;;;;;;;;x
ca_weaponsmithy_2_desc;PLACEHOLDER DESC;;;;;;;;;;;;;x
ca_weaponsmithy_3;Established Weaponsmithy;;;;;;;;;;;;;x
ca_weaponsmithy_3_desc;PLACEHOLDER DESC;;;;;;;;;;;;;x
ca_weaponsmithy_4;Well-Established Weaponsmithy;;;;;;;;;;;;;x
ca_weaponsmithy_4_desc;PLACEHOLDER DESC;;;;;;;;;;;;;x
ca_weaponsmithy_5;Quality Weaponsmithy;;;;;;;;;;;;;x
ca_weaponsmithy_5_desc;PLACEHOLDER DESC;;;;;;;;;;;;;x
ca_weaponsmithy_6;High Quality Weaponsmithy;;;;;;;;;;;;;x
ca_weaponsmithy_6_desc;PLACEHOLDER DESC;;;;;;;;;;;;;x
ca_weaponsmithy_7;Renowned Steel Weaponsmithy;;;;;;;;;;;;;x
ca_weaponsmithy_7_desc;PLACEHOLDER DESC;;;;;;;;;;;;;x
ca_fletcher_1;Primitive Fletcher;;;;;;;;;;;;;x
ca_fletcher_1_desc;PLACEHOLDER DESC;;;;;;;;;;;;;x
ca_fletcher_2;Fletchers' Hut;;;;;;;;;;;;;x
ca_fletcher_2_desc;PLACEHOLDER DESC;;;;;;;;;;;;;x
ca_fletcher_3;Established Fletcher;;;;;;;;;;;;;x
ca_fletcher_3_desc;PLACEHOLDER DESC;;;;;;;;;;;;;x
ca_fletcher_4;Well-Established Fletcher;;;;;;;;;;;;;x
ca_fletcher_4_desc;PLACEHOLDER DESC;;;;;;;;;;;;;x
ca_fletcher_5;Quality Fletcher;;;;;;;;;;;;;x
ca_fletcher_5_desc;PLACEHOLDER DESC;;;;;;;;;;;;;x
ca_fletcher_6;High Quality Fletcher;;;;;;;;;;;;;x
ca_fletcher_6_desc;PLACEHOLDER DESC;;;;;;;;;;;;;x
ca_fletcher_7;Renowned Fletcher;;;;;;;;;;;;;x
ca_fletcher_7_desc;PLACEHOLDER DESC;;;;;;;;;;;;;x
ca_armoursmithy_1;Primitive Armoursmithy;;;;;;;;;;;;;x
ca_armoursmithy_1_desc;PLACEHOLDER DESC;;;;;;;;;;;;;x
ca_armoursmithy_2;Crude Armoursmithy;;;;;;;;;;;;;x
ca_armoursmithy_2_desc;PLACEHOLDER DESC;;;;;;;;;;;;;x
ca_armoursmithy_3;Established Armoursmithy;;;;;;;;;;;;;x
ca_armoursmithy_3_desc;PLACEHOLDER DESC;;;;;;;;;;;;;x
ca_armoursmithy_4;Well-Established Armoursmithy;;;;;;;;;;;;;x
ca_armoursmithy_4_desc;PLACEHOLDER DESC;;;;;;;;;;;;;x
ca_armoursmithy_5;Quality Armoursmithy;;;;;;;;;;;;;x
ca_armoursmithy_5_desc;PLACEHOLDER DESC;;;;;;;;;;;;;x
ca_armoursmithy_6;High Quality Armoursmithy;;;;;;;;;;;;;x
ca_armoursmithy_6_desc;PLACEHOLDER DESC;;;;;;;;;;;;;x
ca_armoursmithy_7;Renowned Steel Armoursmithy;;;;;;;;;;;;;x
ca_armoursmithy_7_desc;PLACEHOLDER DESC;;;;;;;;;;;;;x
ca_horse_pad_1;Small Horse Breeder;;;;;;;;;;;;;x
ca_horse_pad_1_desc;PLACEHOLDER DESC;;;;;;;;;;;;;x
ca_horse_pad_2;Sizeable Horse Breeder;;;;;;;;;;;;;x
ca_horse_pad_2_desc;PLACEHOLDER DESC;;;;;;;;;;;;;x
ca_horse_pad_3;Established Horse Breeder;;;;;;;;;;;;;x
ca_horse_pad_3_desc;PLACEHOLDER DESC;;;;;;;;;;;;;x
ca_horse_pad_4;Well-Established Horse Breeder;;;;;;;;;;;;;x
ca_horse_pad_4_desc;PLACEHOLDER DESC;;;;;;;;;;;;;x
ca_horse_pad_5;Thoroughbred Horse Breeder;;;;;;;;;;;;;x
ca_horse_pad_5_desc;PLACEHOLDER DESC;;;;;;;;;;;;;x
ca_horse_pad_6;Renowned Thoroughbred Horse Breeder;;;;;;;;;;;;;x
ca_horse_pad_6_desc;PLACEHOLDER DESC;;;;;;;;;;;;;x
ca_far_sus_1;Primitive Sustenance Farming;;;;;;;;;;;;;x
ca_far_sus_1_desc;PLACEHOLDER DESC;;;;;;;;;;;;;x
ca_far_sus_2;Crude Sustenance Farming;;;;;;;;;;;;;x
ca_far_sus_2_desc;PLACEHOLDER DESC;;;;;;;;;;;;;x
ca_far_sus_3;Sustenance Farming;;;;;;;;;;;;;x
ca_far_sus_3_desc;PLACEHOLDER DESC;;;;;;;;;;;;;x
ca_far_sus_4;Established Sustenance Farming;;;;;;;;;;;;;x
ca_far_sus_4_desc;PLACEHOLDER DESC;;;;;;;;;;;;;x
ca_far_sus_5;Abundant Sustenance Farming;;;;;;;;;;;;;x
ca_far_sus_5_desc;PLACEHOLDER DESC;;;;;;;;;;;;;x
ca_far_sus_6;Small Scale Grain Farming;;;;;;;;;;;;;x
ca_far_sus_6_desc;PLACEHOLDER DESC;;;;;;;;;;;;;x
ca_far_sus_7;Grain Farming;;;;;;;;;;;;;x
ca_far_sus_7_desc;PLACEHOLDER DESC;;;;;;;;;;;;;x
ca_far_sus_8;Extensive Grain Farming;;;;;;;;;;;;;x
ca_far_sus_8_desc;PLACEHOLDER DESC;;;;;;;;;;;;;x
ca_steelworks_1;Primitive Steelworks;;;;;;;;;;;;;x
ca_steelworks_1_desc;PLACEHOLDER DESC;;;;;;;;;;;;;x
ca_steelworks_2;Crude Steelworks;;;;;;;;;;;;;x
ca_steelworks_2_desc;PLACEHOLDER DESC;;;;;;;;;;;;;x
ca_steelworks_3;Established Steelworks;;;;;;;;;;;;;x
ca_steelworks_3_desc;PLACEHOLDER DESC;;;;;;;;;;;;;x
ca_steelworks_4;Well-Established Steelworks;;;;;;;;;;;;;x
ca_steelworks_4_desc;PLACEHOLDER DESC;;;;;;;;;;;;;x
ca_steelworks_5;Renown Steelworks;;;;;;;;;;;;;x
ca_steelworks_5_desc;PLACEHOLDER DESC;;;;;;;;;;;;;x
ca_lumbermill_k_1;Primitive Kingswood Lumbershack;;;;;;;;;;;;;x
ca_lumbermill_k_1_desc;PLACEHOLDER DESC;;;;;;;;;;;;;x
ca_lumbermill_k_2;Small Kingswood Lumbershack;;;;;;;;;;;;;x
ca_lumbermill_k_2_desc;PLACEHOLDER DESC;;;;;;;;;;;;;x
ca_lumbermill_k_3;Sizeable Kingswood Lumbershack;;;;;;;;;;;;;x
ca_lumbermill_k_3_desc;PLACEHOLDER DESC;;;;;;;;;;;;;x
ca_lumbermill_k_4;Crude Kingswood Lumberyard;;;;;;;;;;;;;x
ca_lumbermill_k_4_desc;PLACEHOLDER DESC;;;;;;;;;;;;;x
ca_lumbermill_k_5;Established Kingswood Lumberyard;;;;;;;;;;;;;x
ca_lumbermill_k_5_desc;PLACEHOLDER DESC;;;;;;;;;;;;;x
ca_lumbermill_r_1;Primitive Rainwood Lumbershack;;;;;;;;;;;;;x
ca_lumbermill_r_1_desc;PLACEHOLDER DESC;;;;;;;;;;;;;x
ca_lumbermill_r_2;Small Rainwood Lumbershack;;;;;;;;;;;;;x
ca_lumbermill_r_2_desc;PLACEHOLDER DESC;;;;;;;;;;;;;x
ca_lumbermill_r_3;Sizeable Rainwood Lumbershack;;;;;;;;;;;;;x
ca_lumbermill_r_3_desc;PLACEHOLDER DESC;;;;;;;;;;;;;x
ca_lumbermill_r_4;Crude Rainwood Lumberyard;;;;;;;;;;;;;x
ca_lumbermill_r_4_desc;PLACEHOLDER DESC;;;;;;;;;;;;;x
ca_lumbermill_r_5;Established Rainwood Lumberyard;;;;;;;;;;;;;x
ca_lumbermill_r_5_desc;PLACEHOLDER DESC;;;;;;;;;;;;;x
ca_lumbermill_m_1;Primitive Mistwood Lumbershack;;;;;;;;;;;;;x
ca_lumbermill_m_1_desc;PLACEHOLDER DESC;;;;;;;;;;;;;x
ca_lumbermill_m_2;Small Mistwood Lumbershack;;;;;;;;;;;;;x
ca_lumbermill_m_2_desc;PLACEHOLDER DESC;;;;;;;;;;;;;x
ca_lumbermill_m_3;Sizeable Mistwood Lumbershack;;;;;;;;;;;;;x
ca_lumbermill_m_3_desc;PLACEHOLDER DESC;;;;;;;;;;;;;x
ca_lumbermill_m_4;Crude Mistwood Lumberyard;;;;;;;;;;;;;x
ca_lumbermill_m_4_desc;PLACEHOLDER DESC;;;;;;;;;;;;;x
ca_lumbermill_m_5;Established Mistwood Lumberyard;;;;;;;;;;;;;x
ca_lumbermill_m_5_desc;PLACEHOLDER DESC;;;;;;;;;;;;;x
ca_lumbermill_l_1;Primitive Lemonwood Lumbershack;;;;;;;;;;;;;x
ca_lumbermill_l_1_desc;PLACEHOLDER DESC;;;;;;;;;;;;;x
ca_lumbermill_l_2;Small Lemonwood Lumbershack;;;;;;;;;;;;;x
ca_lumbermill_l_2_desc;PLACEHOLDER DESC;;;;;;;;;;;;;x
ca_lumbermill_l_3;Sizeable Lemonwood Lumbershack;;;;;;;;;;;;;x
ca_lumbermill_l_3_desc;PLACEHOLDER DESC;;;;;;;;;;;;;x
ca_lumbermill_l_4;Crude Lemonwood Lumberyard;;;;;;;;;;;;;x
ca_lumbermill_l_4_desc;PLACEHOLDER DESC;;;;;;;;;;;;;x
ca_lumbermill_l_5;Established Lemonwood Lumberyard;;;;;;;;;;;;;x
ca_lumbermill_l_5_desc;PLACEHOLDER DESC;;;;;;;;;;;;;x
ca_lumbermill_w_1;Primitive Wolfwood Lumbershack;;;;;;;;;;;;;x
ca_lumbermill_w_1_desc;PLACEHOLDER DESC;;;;;;;;;;;;;x
ca_lumbermill_w_2;Small Wolfwood Lumbershack;;;;;;;;;;;;;x
ca_lumbermill_w_2_desc;PLACEHOLDER DESC;;;;;;;;;;;;;x
ca_lumbermill_w_3;Sizeable Wolfwood Lumbershack;;;;;;;;;;;;;x
ca_lumbermill_w_3_desc;PLACEHOLDER DESC;;;;;;;;;;;;;x
ca_lumbermill_w_4;Crude Wolfwood Lumberyard;;;;;;;;;;;;;x
ca_lumbermill_w_4_desc;PLACEHOLDER DESC;;;;;;;;;;;;;x
ca_lumbermill_w_5;Established Wolfwood Lumberyard;;;;;;;;;;;;;x
ca_lumbermill_w_5_desc;PLACEHOLDER DESC;;;;;;;;;;;;;x
ca_quarry_1;Raw Stone Collection;;;;;;;;;;;;;x
ca_quarry_1_desc;PLACEHOLDER DESC;;;;;;;;;;;;;x
ca_quarry_2;Shallow Quarry;;;;;;;;;;;;;x
ca_quarry_2_desc;PLACEHOLDER DESC;;;;;;;;;;;;;x
ca_quarry_3;Crude Quarry;;;;;;;;;;;;;x
ca_quarry_3_desc;PLACEHOLDER DESC;;;;;;;;;;;;;x
ca_quarry_4;Sizeable Quarry;;;;;;;;;;;;;x
ca_quarry_4_desc;PLACEHOLDER DESC;;;;;;;;;;;;;x
ca_quarry_5;Established Quarry;;;;;;;;;;;;;x
ca_quarry_5_desc;PLACEHOLDER DESC;;;;;;;;;;;;;x
ca_mine_c_1;Shallow Coal Pit;;;;;;;;;;;;;x
ca_mine_c_1_desc;PLACEHOLDER DESC;;;;;;;;;;;;;x
ca_mine_c_2;Primitive Coal Shafts;;;;;;;;;;;;;x
ca_mine_c_2_desc;PLACEHOLDER DESC;;;;;;;;;;;;;x
ca_mine_c_3;Crude Coal Mine;;;;;;;;;;;;;x
ca_mine_c_3_desc;PLACEHOLDER DESC;;;;;;;;;;;;;x
ca_mine_c_4;Sizeable Coal Mine;;;;;;;;;;;;;x
ca_mine_c_4_desc;PLACEHOLDER DESC;;;;;;;;;;;;;x
ca_mine_c_5;Established Coal Mine;;;;;;;;;;;;;x
ca_mine_c_5_desc;PLACEHOLDER DESC;;;;;;;;;;;;;x
ca_mine_sa_1;Shallow Salt Bores;;;;;;;;;;;;;x
ca_mine_sa_1_desc;PLACEHOLDER DESC;;;;;;;;;;;;;x
ca_mine_sa_2;Extensive Salt Bores;;;;;;;;;;;;;x
ca_mine_sa_2_desc;PLACEHOLDER DESC;;;;;;;;;;;;;x
ca_mine_sa_3;Small Salt Mine;;;;;;;;;;;;;x
ca_mine_sa_3_desc;PLACEHOLDER DESC;;;;;;;;;;;;;x
ca_mine_sa_4;Sizeable Salt Mine;;;;;;;;;;;;;x
ca_mine_sa_4_desc;PLACEHOLDER DESC;;;;;;;;;;;;;x
ca_mine_sa_5;Extensive Salt Mine;;;;;;;;;;;;;x
ca_mine_sa_5_desc;PLACEHOLDER DESC;;;;;;;;;;;;;x
ca_quarry_m_1;Primitive Marble Quarry;;;;;;;;;;;;;x
ca_quarry_m_1_desc;PLACEHOLDER DESC;;;;;;;;;;;;;x
ca_quarry_m_2;Crude Marble Quarry;;;;;;;;;;;;;x
ca_quarry_m_2_desc;PLACEHOLDER DESC;;;;;;;;;;;;;x
ca_quarry_m_3;Small Marble Quarry;;;;;;;;;;;;;x
ca_quarry_m_3_desc;PLACEHOLDER DESC;;;;;;;;;;;;;x
ca_quarry_m_4;Sizeable Marble Quarry;;;;;;;;;;;;;x
ca_quarry_m_4_desc;PLACEHOLDER DESC;;;;;;;;;;;;;x
ca_quarry_m_5;Established Marble Quarry;;;;;;;;;;;;;x
ca_quarry_m_5_desc;PLACEHOLDER DESC;;;;;;;;;;;;;x
ca_quarry_gr_1;Primitive Granite Quarry;;;;;;;;;;;;;x
ca_quarry_gr_1_desc;PLACEHOLDER DESC;;;;;;;;;;;;;x
ca_quarry_gr_2;Crude Granite Quarry;;;;;;;;;;;;;x
ca_quarry_gr_2_desc;PLACEHOLDER DESC;;;;;;;;;;;;;x
ca_quarry_gr_3;Small Granite Quarry;;;;;;;;;;;;;x
ca_quarry_gr_3_desc;PLACEHOLDER DESC;;;;;;;;;;;;;x
ca_quarry_gr_4;Sizeable Granite Quarry;;;;;;;;;;;;;x
ca_quarry_gr_4_desc;PLACEHOLDER DESC;;;;;;;;;;;;;x
ca_quarry_gr_5;Established Granite Quarry;;;;;;;;;;;;;x
ca_quarry_gr_5_desc;PLACEHOLDER DESC;;;;;;;;;;;;;x
ca_mine_co_1;Primitive Copper Mine;;;;;;;;;;;;;x
ca_mine_co_1_desc;PLACEHOLDER DESC;;;;;;;;;;;;;x
ca_mine_co_2;Crude Copper Mine;;;;;;;;;;;;;x
ca_mine_co_2_desc;PLACEHOLDER DESC;;;;;;;;;;;;;x
ca_mine_co_3;Small Copper Mine;;;;;;;;;;;;;x
ca_mine_co_3_desc;PLACEHOLDER DESC;;;;;;;;;;;;;x
ca_mine_co_4;Sizeable Copper Mine;;;;;;;;;;;;;x
ca_mine_co_4_desc;PLACEHOLDER DESC;;;;;;;;;;;;;x
ca_mine_co_5;Established Copper Mine;;;;;;;;;;;;;x
ca_mine_co_5_desc;PLACEHOLDER DESC;;;;;;;;;;;;;x
ca_mine_i_1;Primitive Iron Mine;;;;;;;;;;;;;x
ca_mine_i_1_desc;PLACEHOLDER DESC;;;;;;;;;;;;;x
ca_mine_i_2;Crude Iron Mine;;;;;;;;;;;;;x
ca_mine_i_2_desc;PLACEHOLDER DESC;;;;;;;;;;;;;x
ca_mine_i_3;Small Iron Mine;;;;;;;;;;;;;x
ca_mine_i_3_desc;PLACEHOLDER DESC;;;;;;;;;;;;;x
ca_mine_i_4;Sizeable Iron Mine;;;;;;;;;;;;;x
ca_mine_i_4_desc;PLACEHOLDER DESC;;;;;;;;;;;;;x
ca_mine_i_5;Established Iron Mine;;;;;;;;;;;;;x
ca_mine_i_5_desc;PLACEHOLDER DESC;;;;;;;;;;;;;x
ca_mine_s_1;Primitive Silver Mine;;;;;;;;;;;;;x
ca_mine_s_1_desc;PLACEHOLDER DESC;;;;;;;;;;;;;x
ca_mine_s_2;Small Silver Mine;;;;;;;;;;;;;x
ca_mine_s_2_desc;PLACEHOLDER DESC;;;;;;;;;;;;;x
ca_mine_s_3;Sizeable Silver Mine;;;;;;;;;;;;;x
ca_mine_s_3_desc;PLACEHOLDER DESC;;;;;;;;;;;;;x
ca_mine_s_4;Established Silver Mine;;;;;;;;;;;;;x
ca_mine_s_4_desc;PLACEHOLDER DESC;;;;;;;;;;;;;x
ca_mine_s_5;Renowned Silver Mine;;;;;;;;;;;;;x
ca_mine_s_5_desc;PLACEHOLDER DESC;;;;;;;;;;;;;x
ca_mine_g_1;Primitive Gold Mine;;;;;;;;;;;;;x
ca_mine_g_1_desc;PLACEHOLDER DESC;;;;;;;;;;;;;x
ca_mine_g_2;Small Gold Mine;;;;;;;;;;;;;x
ca_mine_g_2_desc;PLACEHOLDER DESC;;;;;;;;;;;;;x
ca_mine_g_3;Sizeable Gold Mine;;;;;;;;;;;;;x
ca_mine_g_3_desc;PLACEHOLDER DESC;;;;;;;;;;;;;x
ca_mine_g_4;Established Gold Mine;;;;;;;;;;;;;x
ca_mine_g_4_desc;PLACEHOLDER DESC;;;;;;;;;;;;;x
ca_mine_g_5;Renowned Gold Mine;;;;;;;;;;;;;x
ca_mine_g_5_desc;PLACEHOLDER DESC;;;;;;;;;;;;;x
ca_mine_d_1;Primitive Diamond Mine;;;;;;;;;;;;;x
ca_mine_d_1_desc;PLACEHOLDER DESC;;;;;;;;;;;;;x
ca_mine_d_2;Small Diamond Mine;;;;;;;;;;;;;x
ca_mine_d_2_desc;PLACEHOLDER DESC;;;;;;;;;;;;;x
ca_mine_d_3;Sizeable Diamond Mine;;;;;;;;;;;;;x
ca_mine_d_3_desc;PLACEHOLDER DESC;;;;;;;;;;;;;x
ca_mine_d_4;Established Diamond Mine;;;;;;;;;;;;;x
ca_mine_d_4_desc;PLACEHOLDER DESC;;;;;;;;;;;;;x
ca_mine_d_5;Renowned Diamond Mine;;;;;;;;;;;;;x
ca_mine_d_5_desc;PLACEHOLDER DESC;;;;;;;;;;;;;x
ca_mine_gm_1;Primitive Gemstone Mine;;;;;;;;;;;;;x
ca_mine_gm_1_desc;PLACEHOLDER DESC;;;;;;;;;;;;;x
ca_mine_gm_2;Small Gemstone Mine;;;;;;;;;;;;;x
ca_mine_gm_2_desc;PLACEHOLDER DESC;;;;;;;;;;;;;x
ca_mine_gm_3;Sizeable Gemstone Mine;;;;;;;;;;;;;x
ca_mine_gm_3_desc;PLACEHOLDER DESC;;;;;;;;;;;;;x
ca_mine_gm_4;Established Gemstone Mine;;;;;;;;;;;;;x
ca_mine_gm_4_desc;PLACEHOLDER DESC;;;;;;;;;;;;;x
ca_mine_gm_5;Renowned Gemstone Mine;;;;;;;;;;;;;x
ca_mine_gm_5_desc;PLACEHOLDER DESC;;;;;;;;;;;;;x
ca_mine_o_1;Primitive Dragonglass Mine;;;;;;;;;;;;;x
ca_mine_o_1_desc;PLACEHOLDER DESC;;;;;;;;;;;;;x
ca_mine_o_2;Small Dragonglass Mine;;;;;;;;;;;;;x
ca_mine_o_2_desc;PLACEHOLDER DESC;;;;;;;;;;;;;x
ca_mine_o_3;Sizeable Dragonglass Mine;;;;;;;;;;;;;x
ca_mine_o_3_desc;PLACEHOLDER DESC;;;;;;;;;;;;;x
ca_mine_o_4;Established Dragonglass Mine;;;;;;;;;;;;;x
ca_mine_o_4_desc;PLACEHOLDER DESC;;;;;;;;;;;;;x
ca_mine_o_5;Renowned Dragonglass Mine;;;;;;;;;;;;;x
ca_mine_o_5_desc;PLACEHOLDER DESC;;;;;;;;;;;;;x
ca_seal_hunt_1;Trivial Seal Hunting;;;;;;;;;;;;;x
ca_seal_hunt_1_desc;PLACEHOLDER DESC;;;;;;;;;;;;;x
ca_seal_hunt_2;Insignificant Seal Hunting;;;;;;;;;;;;;x
ca_seal_hunt_2_desc;PLACEHOLDER DESC;;;;;;;;;;;;;x
ca_seal_hunt_3;Sizeable Seal Hunting;;;;;;;;;;;;;x
ca_seal_hunt_3_desc;PLACEHOLDER DESC;;;;;;;;;;;;;x
ca_seal_hunt_4;Established Seal Hunting;;;;;;;;;;;;;x
ca_seal_hunt_4_desc;PLACEHOLDER DESC;;;;;;;;;;;;;x
ca_seal_hunt_5;Extensive Seal Hunting;;;;;;;;;;;;;x
ca_seal_hunt_5_desc;PLACEHOLDER DESC;;;;;;;;;;;;;x
ca_hunt_1;Trivial Hunting;;;;;;;;;;;;;x
ca_hunt_1_desc;PLACEHOLDER DESC;;;;;;;;;;;;;x
ca_hunt_2;Insignificant Hunting;;;;;;;;;;;;;x
ca_hunt_2_desc;PLACEHOLDER DESC;;;;;;;;;;;;;x
ca_hunt_3;Sizeable Hunting;;;;;;;;;;;;;x
ca_hunt_3_desc;PLACEHOLDER DESC;;;;;;;;;;;;;x
ca_hunt_4;Established Hunting;;;;;;;;;;;;;x
ca_hunt_4_desc;PLACEHOLDER DESC;;;;;;;;;;;;;x
ca_hunt_5;Extensive Hunting;;;;;;;;;;;;;x
ca_hunt_5_desc;PLACEHOLDER DESC;;;;;;;;;;;;;x
ca_jewellery_1;Tiny Jeweller;;;;;;;;;;;;;x
ca_jewellery_1_desc;PLACEHOLDER DESC;;;;;;;;;;;;;x
ca_jewellery_2;Small Jeweller;;;;;;;;;;;;;x
ca_jewellery_2_desc;PLACEHOLDER DESC;;;;;;;;;;;;;x
ca_jewellery_3;Sizeable Jeweller;;;;;;;;;;;;;x
ca_jewellery_3_desc;PLACEHOLDER DESC;;;;;;;;;;;;;x
ca_jewellery_4;Established Jeweller;;;;;;;;;;;;;x
ca_jewellery_4_desc;PLACEHOLDER DESC;;;;;;;;;;;;;x
ca_jewellery_5;Renowned Jeweller;;;;;;;;;;;;;x
ca_jewellery_5_desc;PLACEHOLDER DESC;;;;;;;;;;;;;x
ca_precious_fabrics_1;Tiny Fabric Merchant;;;;;;;;;;;;;x
ca_precious_fabrics_1_desc;PLACEHOLDER DESC;;;;;;;;;;;;;x
ca_precious_fabrics_2;Small Fabric Merchant;;;;;;;;;;;;;x
ca_precious_fabrics_2_desc;PLACEHOLDER DESC;;;;;;;;;;;;;x
ca_precious_fabrics_3;Sizeable Fabric Merchant;;;;;;;;;;;;;x
ca_precious_fabrics_3_desc;PLACEHOLDER DESC;;;;;;;;;;;;;x
ca_precious_fabrics_4;Established Fabric Merchant;;;;;;;;;;;;;x
ca_precious_fabrics_4_desc;PLACEHOLDER DESC;;;;;;;;;;;;;x
ca_precious_fabrics_5;Renowned Fabric Merchant;;;;;;;;;;;;;x
ca_precious_fabrics_5_desc;PLACEHOLDER DESC;;;;;;;;;;;;;x
ca_castle_chapel_1;Altar;;;;;;;;;;;;;x
ca_castle_chapel_1_desc;PLACEHOLDER DESC;;;;;;;;;;;;;x
ca_castle_chapel_2;Small Castle Chapel;;;;;;;;;;;;;x
ca_castle_chapel_2_desc;PLACEHOLDER DESC;;;;;;;;;;;;;x
ca_castle_chapel_3;Castle Chapel;;;;;;;;;;;;;x
ca_castle_chapel_3_desc;PLACEHOLDER DESC;;;;;;;;;;;;;x
ca_farming_v_1;Trivial Smallhold Vineyards;;;;;;;;;;;;;x
ca_farming_v_1_desc;PLACEHOLDER DESC;;;;;;;;;;;;;x
ca_farming_v_2;Insignificant Smallhold Vineyards;;;;;;;;;;;;;x
ca_farming_v_2_desc;PLACEHOLDER DESC;;;;;;;;;;;;;x
ca_farming_v_3;Meagre Smallhold Vineyards;;;;;;;;;;;;;x
ca_farming_v_3_desc;PLACEHOLDER DESC;;;;;;;;;;;;;x
ca_farming_v_4;Noteworthy Smallhold Vineyards;;;;;;;;;;;;;x
ca_farming_v_4_desc;PLACEHOLDER DESC;;;;;;;;;;;;;x
ca_farming_v_5;Significant Smallhold Vineyards;;;;;;;;;;;;;x
ca_farming_v_5_desc;PLACEHOLDER DESC;;;;;;;;;;;;;x
ca_farming_v_6;Sprawling Smallhold Vineyards;;;;;;;;;;;;;x
ca_farming_v_6_desc;PLACEHOLDER DESC;;;;;;;;;;;;;x
ca_win_1;Local Winery;;;;;;;;;;;;;x
ca_win_1_desc;PLACEHOLDER DESC;;;;;;;;;;;;;x
ca_win_2;Well-Established Local Winery;;;;;;;;;;;;;x
ca_win_2_desc;PLACEHOLDER DESC;;;;;;;;;;;;;x
ca_win_3;Regional Winery;;;;;;;;;;;;;x
ca_win_3_desc;PLACEHOLDER DESC;;;;;;;;;;;;;x
ca_win_4;Well Known Regional Winery;;;;;;;;;;;;;x
ca_win_4_desc;PLACEHOLDER DESC;;;;;;;;;;;;;x
ca_win_5;Renowned Winery;;;;;;;;;;;;;x
ca_win_5_desc;PLACEHOLDER DESC;;;;;;;;;;;;;x
ca_farming_o_1;Trivial Smallhold Orchards;;;;;;;;;;;;;x
ca_farming_o_1_desc;PLACEHOLDER DESC;;;;;;;;;;;;;x
ca_farming_o_2;Insignificant Smallhold Orchards;;;;;;;;;;;;;x
ca_farming_o_2_desc;PLACEHOLDER DESC;;;;;;;;;;;;;x
ca_farming_o_3;Meagre Smallhold Orchards;;;;;;;;;;;;;x
ca_farming_o_3_desc;PLACEHOLDER DESC;;;;;;;;;;;;;x
ca_farming_o_4;Noteworthy Smallhold Orchards;;;;;;;;;;;;;x
ca_farming_o_4_desc;PLACEHOLDER DESC;;;;;;;;;;;;;x
ca_farming_o_5;Significant Smallhold Orchards;;;;;;;;;;;;;x
ca_farming_o_5_desc;PLACEHOLDER DESC;;;;;;;;;;;;;x
ca_farming_o_6;Sprawling Smallhold Orchards;;;;;;;;;;;;;x
ca_farming_o_6_desc;PLACEHOLDER DESC;;;;;;;;;;;;;x
ca_pasture_c_1;Trivial Cattle Pastures;;;;;;;;;;;;;x
ca_pasture_c_1_desc;PLACEHOLDER DESC;;;;;;;;;;;;;x
ca_pasture_c_2;Insignificant Cattle Pastures;;;;;;;;;;;;;x
ca_pasture_c_2_desc;PLACEHOLDER DESC;;;;;;;;;;;;;x
ca_pasture_c_3;Meagre Cattle Pastures;;;;;;;;;;;;;x
ca_pasture_c_3_desc;PLACEHOLDER DESC;;;;;;;;;;;;;x
ca_pasture_c_4;Noteworthy Cattle Pastures;;;;;;;;;;;;;x
ca_pasture_c_4_desc;PLACEHOLDER DESC;;;;;;;;;;;;;x
ca_pasture_c_5;Significant Cattle Pastures;;;;;;;;;;;;;x
ca_pasture_c_5_desc;PLACEHOLDER DESC;;;;;;;;;;;;;x
ca_pasture_c_6;Sprawling Cattle Pastures;;;;;;;;;;;;;x
ca_pasture_c_6_desc;PLACEHOLDER DESC;;;;;;;;;;;;;x
ca_pasture_s_1;Trivial Sheep Pastures;;;;;;;;;;;;;x
ca_pasture_s_1_desc;PLACEHOLDER DESC;;;;;;;;;;;;;x
ca_pasture_s_2;Insignificant Sheep Pastures;;;;;;;;;;;;;x
ca_pasture_s_2_desc;PLACEHOLDER DESC;;;;;;;;;;;;;x
ca_pasture_s_3;Meagre Sheep Pastures;;;;;;;;;;;;;x
ca_pasture_s_3_desc;PLACEHOLDER DESC;;;;;;;;;;;;;x
ca_pasture_s_4;Noteworthy Sheep Pastures;;;;;;;;;;;;;x
ca_pasture_s_4_desc;PLACEHOLDER DESC;;;;;;;;;;;;;x
ca_pasture_s_5;Significant Sheep Pastures;;;;;;;;;;;;;x
ca_pasture_s_5_desc;PLACEHOLDER DESC;;;;;;;;;;;;;x
ca_pasture_s_6;Sprawling Sheep Pastures;;;;;;;;;;;;;x
ca_pasture_s_6_desc;PLACEHOLDER DESC;;;;;;;;;;;;;x
ca_pasture_g_1;Trivial Goat Pastures;;;;;;;;;;;;;x
ca_pasture_g_1_desc;PLACEHOLDER DESC;;;;;;;;;;;;;x
ca_pasture_g_2;Insignificant Goat Pastures;;;;;;;;;;;;;x
ca_pasture_g_2_desc;PLACEHOLDER DESC;;;;;;;;;;;;;x
ca_pasture_g_3;Meagre Goat Pastures;;;;;;;;;;;;;x
ca_pasture_g_3_desc;PLACEHOLDER DESC;;;;;;;;;;;;;x
ca_pasture_g_4;Noteworthy Goat Pastures;;;;;;;;;;;;;x
ca_pasture_g_4_desc;PLACEHOLDER DESC;;;;;;;;;;;;;x
ca_pasture_g_5;Significant Goat Pastures;;;;;;;;;;;;;x
ca_pasture_g_5_desc;PLACEHOLDER DESC;;;;;;;;;;;;;x
ca_pasture_g_6;Sprawling Goat Pastures;;;;;;;;;;;;;x
ca_pasture_g_6_desc;PLACEHOLDER DESC;;;;;;;;;;;;;x
ca_fishing_1;Handfishing;;;;;;;;;;;;;x
ca_fishing_1_desc;PLACEHOLDER DESC;;;;;;;;;;;;;x
ca_fishing_2;Organised Handfishing;;;;;;;;;;;;;x
ca_fishing_2_desc;PLACEHOLDER DESC;;;;;;;;;;;;;x
ca_fishing_3;Primitve Coastal Fishing;;;;;;;;;;;;;x
ca_fishing_3_desc;PLACEHOLDER DESC;;;;;;;;;;;;;x
ca_fishing_4;Established Coastal Fishing;;;;;;;;;;;;;x
ca_fishing_4_desc;PLACEHOLDER DESC;;;;;;;;;;;;;x
ca_fishing_5;Well-Established Coastal Fishing;;;;;;;;;;;;;x
ca_fishing_5_desc;PLACEHOLDER DESC;;;;;;;;;;;;;x
ca_fishing_6;Sophisticated Coastal Fishing;;;;;;;;;;;;;x
ca_fishing_6_desc;PLACEHOLDER DESC;;;;;;;;;;;;;x
ca_moat_cailin;Moat Cailin;;;;;;;;;;;;;x
ca_moat_cailin_desc;PLACEHOLDER DESC;;;;;;;;;;;;;x
ca_wallportion;The Wall;;;;;;;;;;;;;x
ca_wallportion_desc;PLACEHOLDER DESC;;;;;;;;;;;;;x
ca_ironwood;Ironwood;;;;;;;;;;;;;x
ca_ironwood_desc;PLACEHOLDER DESC;;;;;;;;;;;;;x
ca_starfall;Starfall;;;;;;;;;;;;;x
ca_starfall_desc;PLACEHOLDER DESC;;;;;;;;;;;;;x
ca_dreadfort;Dreadfort;;;;;;;;;;;;;x
ca_dreadfort_desc;PLACEHOLDER DESC;;;;;;;;;;;;;x
ca_smallbarrow;Smallbarrow;;;;;;;;;;;;;x
ca_smallbarrow_desc;PLACEHOLDER DESC;;;;;;;;;;;;;x
ca_greatbarrow;Greatbarrow;;;;;;;;;;;;;x
ca_greatbarrow_desc;PLACEHOLDER DESC;;;;;;;;;;;;;x
ca_castamere;Castamere;;;;;;;;;;;;;x
ca_castamere_desc;PLACEHOLDER DESC;;;;;;;;;;;;;x
ca_riverrun;Riverrun;;;;;;;;;;;;;x
ca_riverrun_desc;PLACEHOLDER DESC;;;;;;;;;;;;;x
ca_hammerhorn_mine;Hammerhorn Mine;;;;;;;;;;;;;x
ca_hammerhorn_mine_desc;PLACEHOLDER DESC;;;;;;;;;;;;;x
ca_marchercastle;Marcher Castle;;;;;;;;;;;;;x
ca_marchercastle_desc;PLACEHOLDER DESC;;;;;;;;;;;;;x
ca_duskendale;Duskendale;;;;;;;;;;;;;x
ca_duskendale_desc;PLACEHOLDER DESC;;;;;;;;;;;;;x
ca_the_arbor;The Arbor;;;;;;;;;;;;;x
ca_the_arbor_desc;PLACEHOLDER DESC;;;;;;;;;;;;;x
ca_gates_of_the_moon;Gates of the Moon;;;;;;;;;;;;;x
ca_gates_of_the_moon_desc;PLACEHOLDER DESC;;;;;;;;;;;;;x
ca_runestone;Runestone;;;;;;;;;;;;;x
ca_runestone_desc;PLACEHOLDER DESC;;;;;;;;;;;;;x
ca_sistermen_keep;Sisterman Keep;;;;;;;;;;;;;x
ca_sistermen_keep_desc;PLACEHOLDER DESC;;;;;;;;;;;;;x
ca_sistermen_shipyard;Sisterman Shipyard;;;;;;;;;;;;;x
ca_sistermen_shipyard_desc;PLACEHOLDER DESC;;;;;;;;;;;;;x
ca_bloody_gate;Bloody Gate;;;;;;;;;;;;;x
ca_bloody_gate_desc;PLACEHOLDER DESC;;;;;;;;;;;;;x
ca_gulltown;Gulltown;;;;;;;;;;;;;x
ca_gulltown_desc;PLACEHOLDER DESC;;;;;;;;;;;;;x
ca_hearthome;Hearthome;;;;;;;;;;;;;x
ca_hearthome_desc;PLACEHOLDER DESC;;;;;;;;;;;;;x
ca_dun_fort;Dun Fort;;;;;;;;;;;;;x
ca_dun_fort_desc;PLACEHOLDER DESC;;;;;;;;;;;;;x
ca_craggon_keep;Craggon Keep;;;;;;;;;;;;;x
ca_craggon_keep_desc;PLACEHOLDER DESC;;;;;;;;;;;;;x
ca_raventree_hall;Raventree Hall;;;;;;;;;;;;;x
ca_raventree_hall_desc;PLACEHOLDER DESC;;;;;;;;;;;;;x
ca_stone_hedge;Stone Hedge;;;;;;;;;;;;;x
ca_stone_hedge_desc;PLACEHOLDER DESC;;;;;;;;;;;;;x
ca_seagard;Seagard;;;;;;;;;;;;;x
ca_seagard_desc;PLACEHOLDER DESC;;;;;;;;;;;;;x
ca_maidenpool;Maidenpool;;;;;;;;;;;;;x
ca_maidenpool_desc;PLACEHOLDER DESC;;;;;;;;;;;;;x
ca_viceroy_palace;Viceroy's Palace;;;;;;;;;;;;;x
ca_viceroy_palace_desc;PLACEHOLDER DESC;;;;;;;;;;;;;x
ca_pyke;Pyke;;;;;;;;;;;;;x
ca_pyke_desc;PLACEHOLDER DESC;;;;;;;;;;;;;x
ca_water_gardens;Water Gardens;;;;;;;;;;;;;x
ca_water_gardens_desc;PLACEHOLDER DESC;;;;;;;;;;;;;x
ca_boneway_keep;Boneway Keep;;;;;;;;;;;;;x
ca_boneway_keep_desc;PLACEHOLDER DESC;;;;;;;;;;;;;x
ca_brightwater_keep;Brightwater Keep;;;;;;;;;;;;;x
ca_brightwater_keep_desc;PLACEHOLDER DESC;;;;;;;;;;;;;x
ca_shield_island;Shield Keep;;;;;;;;;;;;;x
ca_shield_island_desc;PLACEHOLDER DESC;;;;;;;;;;;;;x
ca_coldmoat;Coldmoat;;;;;;;;;;;;;x
ca_coldmoat_desc;PLACEHOLDER DESC;;;;;;;;;;;;;x
ca_horn_hill;Horn Hill;;;;;;;;;;;;;x
ca_horn_hill_desc;PLACEHOLDER DESC;;;;;;;;;;;;;x
ca_mander_keep;Mander Keep;;;;;;;;;;;;;x
ca_mander_keep_desc;PLACEHOLDER DESC;;;;;;;;;;;;;x
ca_lannisport;Lannisport;;;;;;;;;;;;;x
ca_lannisport_desc;PLACEHOLDER DESC;;;;;;;;;;;;;x
ca_lannisgate;Lannisgate;;;;;;;;;;;;;x
ca_lannisgate_desc;PLACEHOLDER DESC;;;;;;;;;;;;;x
ca_lannisfield;Lanisfield;;;;;;;;;;;;;x
ca_lannisfield_desc;PLACEHOLDER DESC;;;;;;;;;;;;;x
ca_crakehall;Crakehall;;;;;;;;;;;;;x
ca_crakehall_desc;PLACEHOLDER DESC;;;;;;;;;;;;;x
ca_fair_keep;Fair Keep;;;;;;;;;;;;;x
ca_fair_keep_desc;PLACEHOLDER DESC;;;;;;;;;;;;;x
ca_bear_hall;Bear Hall;;;;;;;;;;;;;x
ca_bear_hall_desc;PLACEHOLDER DESC;;;;;;;;;;;;;x
ca_deepwood_motte;Deepwood Motte;;;;;;;;;;;;;x
ca_deepwood_motte_desc;PLACEHOLDER DESC;;;;;;;;;;;;;x
ca_barrowton;Barrowton;;;;;;;;;;;;;x
ca_barrowton_desc;PLACEHOLDER DESC;;;;;;;;;;;;;x
ca_last_hearth;Last Hearth;;;;;;;;;;;;;x
ca_last_hearth_desc;PLACEHOLDER DESC;;;;;;;;;;;;;x
ca_greywater_watch;Greywater Watch;;;;;;;;;;;;;x
ca_greywater_watch_desc;PLACEHOLDER DESC;;;;;;;;;;;;;x
ca_skagosi_keep;Skagosi Keep;;;;;;;;;;;;;x
ca_skagosi_keep_desc;PLACEHOLDER DESC;;;;;;;;;;;;;x
ca_starpike;Starpike;;;;;;;;;;;;;x
ca_starpike_desc;PLACEHOLDER DESC;;;;;;;;;;;;;x
ca_titan;Titan;;;;;;;;;;;;;x
ca_titan_desc;PLACEHOLDER DESC;;;;;;;;;;;;;x
ca_torrhens_square;Torrhens Square;;;;;;;;;;;;;x
ca_torrhens_square_desc;PLACEHOLDER DESC;;;;;;;;;;;;;x
ca_widows_watch;Widows Watch;;;;;;;;;;;;;x
ca_widows_watch_desc;PLACEHOLDER DESC;;;;;;;;;;;;;x
ca_wolfsden;Wolfsden;;;;;;;;;;;;;x
ca_wolfsden_desc;PLACEHOLDER DESC;;;;;;;;;;;;;x
ca_whiteharbor;Whiteharbour;;;;;;;;;;;;;x
ca_whiteharbor_desc;PLACEHOLDER DESC;;;;;;;;;;;;;x
ca_hornwood;Hornwood;;;;;;;;;;;;;x
ca_hornwood_desc;PLACEHOLDER DESC;;;;;;;;;;;;;x
ca_flint_keep;Flint Keep;;;;;;;;;;;;;x
ca_flint_keep_desc;PLACEHOLDER DESC;;;;;;;;;;;;;x
ca_arrendell;Arrendell;;;;;;;;;;;;;x
ca_arrendell_desc;PLACEHOLDER DESC;;;;;;;;;;;;;x
ca_bell_tower;Bell Tower;;;;;;;;;;;;;x
ca_bell_tower_desc;PLACEHOLDER DESC;;;;;;;;;;;;;x
ca_svalia;Svalia Hall;;;;;;;;;;;;;x
ca_svalia_desc;PLACEHOLDER DESC;;;;;;;;;;;;;x
ca_strongsong;Strongsong;;;;;;;;;;;;;x
ca_strongsong_desc;PLACEHOLDER DESC;;;;;;;;;;;;;x
ca_coldwater;Coldwater;;;;;;;;;;;;;x
ca_coldwater_desc;PLACEHOLDER DESC;;;;;;;;;;;;;x
ca_snakewood;Snakewod;;;;;;;;;;;;;x
ca_snakewood_desc;PLACEHOLDER DESC;;;;;;;;;;;;;x
ca_thumb;Thumb;;;;;;;;;;;;;x
ca_thumb_desc;PLACEHOLDER DESC;;;;;;;;;;;;;x
ca_longbow_hall;Longbow Hall;;;;;;;;;;;;;x
ca_longbow_hall_desc;PLACEHOLDER DESC;;;;;;;;;;;;;x
ca_hardvale;Hardvale;;;;;;;;;;;;;x
ca_hardvale_desc;PLACEHOLDER DESC;;;;;;;;;;;;;x
ca_redfort;Redfort;;;;;;;;;;;;;x
ca_redfort_desc;PLACEHOLDER DESC;;;;;;;;;;;;;x
ca_ironoaks;Ironoaks;;;;;;;;;;;;;x
ca_ironoaks_desc;PLACEHOLDER DESC;;;;;;;;;;;;;x
ca_saltpans;Saltpans;;;;;;;;;;;;;x
ca_saltpans_desc;PLACEHOLDER DESC;;;;;;;;;;;;;x
ca_acorn_hall;Acorn Hall;;;;;;;;;;;;;x
ca_acorn_hall_desc;PLACEHOLDER DESC;;;;;;;;;;;;;x
ca_fairmarket;Fairmarket;;;;;;;;;;;;;x
ca_fairmarket_desc;PLACEHOLDER DESC;;;;;;;;;;;;;x
ca_pinkmaiden;Pinkmaiden;;;;;;;;;;;;;x
ca_pinkmaiden_desc;PLACEHOLDER DESC;;;;;;;;;;;;;x
ca_stoney_sept;Stoney Sept;;;;;;;;;;;;;x
ca_stoney_sept_desc;PLACEHOLDER DESC;;;;;;;;;;;;;x
ca_harrowaytown;Harrowaytown;;;;;;;;;;;;;x
ca_harrowaytown_desc;PLACEHOLDER DESC;;;;;;;;;;;;;x
ca_tridents_holdfast;Tridents Holdfast;;;;;;;;;;;;;x
ca_tridents_holdfast_desc;PLACEHOLDER DESC;;;;;;;;;;;;;x
ca_goodfaith;Goodfaith;;;;;;;;;;;;;x
ca_goodfaith_desc;PLACEHOLDER DESC;;;;;;;;;;;;;x
ca_wycombe;Wycombe;;;;;;;;;;;;;x
ca_wycombe_desc;PLACEHOLDER DESC;;;;;;;;;;;;;x
ca_chiltern;Chiltern;;;;;;;;;;;;;x
ca_chiltern_desc;PLACEHOLDER DESC;;;;;;;;;;;;;x
ca_atranta;Atranta;;;;;;;;;;;;;x
ca_atranta_desc;PLACEHOLDER DESC;;;;;;;;;;;;;x
ca_the_crag;The Crag;;;;;;;;;;;;;x
ca_the_crag_desc;PLACEHOLDER DESC;;;;;;;;;;;;;x
ca_ashemark;Ashemark;;;;;;;;;;;;;x
ca_ashemark_desc;PLACEHOLDER DESC;;;;;;;;;;;;;x
ca_golden_tooth;Golden Tooth;;;;;;;;;;;;;x
ca_golden_tooth_desc;PLACEHOLDER DESC;;;;;;;;;;;;;x
ca_payne_hall;Payne Hall;;;;;;;;;;;;;x
ca_payne_hall_desc;PLACEHOLDER DESC;;;;;;;;;;;;;x
ca_riverspring;Riverspring;;;;;;;;;;;;;x
ca_riverspring_desc;PLACEHOLDER DESC;;;;;;;;;;;;;x
ca_cornfield;Cornfield;;;;;;;;;;;;;x
ca_cornfield_desc;PLACEHOLDER DESC;;;;;;;;;;;;;x
ca_bower;Bower;;;;;;;;;;;;;x
ca_bower_desc;PLACEHOLDER DESC;;;;;;;;;;;;;x
ca_deep_den;Deep Den;;;;;;;;;;;;;x
ca_deep_den_desc;PLACEHOLDER DESC;;;;;;;;;;;;;x
ca_silverhall;Silverhall;;;;;;;;;;;;;x
ca_silverhall_desc;PLACEHOLDER DESC;;;;;;;;;;;;;x
ca_hawthorne;Hawthorne;;;;;;;;;;;;;x
ca_hawthorne_desc;PLACEHOLDER DESC;;;;;;;;;;;;;x
ca_kayce;Kayce;;;;;;;;;;;;;x
ca_kayce_desc;PLACEHOLDER DESC;;;;;;;;;;;;;x
ca_sows_horn;Sows Horn;;;;;;;;;;;;;x
ca_sows_horn_desc;PLACEHOLDER DESC;;;;;;;;;;;;;x
ca_stokeworth;Stokeworth;;;;;;;;;;;;;x
ca_stokeworth_desc;PLACEHOLDER DESC;;;;;;;;;;;;;x
ca_antlers;Antlers;;;;;;;;;;;;;x
ca_antlers_desc;PLACEHOLDER DESC;;;;;;;;;;;;;x
ca_whispers;Whispers;;;;;;;;;;;;;x
ca_whispers_desc;PLACEHOLDER DESC;;;;;;;;;;;;;x
ca_dyre_den;Dyre Den;;;;;;;;;;;;;x
ca_dyre_den_desc;PLACEHOLDER DESC;;;;;;;;;;;;;x
ca_rooks_rest;Rooks Rest;;;;;;;;;;;;;x
ca_rooks_rest_desc;PLACEHOLDER DESC;;;;;;;;;;;;;x
ca_driftmark;Driftmark;;;;;;;;;;;;;x
ca_driftmark_desc;PLACEHOLDER DESC;;;;;;;;;;;;;x
ca_sharp_point;Sharp Point;;;;;;;;;;;;;x
ca_sharp_point_desc;PLACEHOLDER DESC;;;;;;;;;;;;;x
ca_haystack_hall;Haystack Hall;;;;;;;;;;;;;x
ca_haystack_hall_desc;PLACEHOLDER DESC;;;;;;;;;;;;;x
ca_parchments;Parchments;;;;;;;;;;;;;x
ca_parchments_desc;PLACEHOLDER DESC;;;;;;;;;;;;;x
ca_bronzegate;Bronzegate;;;;;;;;;;;;;x
ca_bronzegate_desc;PLACEHOLDER DESC;;;;;;;;;;;;;x
ca_belland;Belland Way;;;;;;;;;;;;;x
ca_belland_desc;PLACEHOLDER DESC;;;;;;;;;;;;;x
ca_waterperry;Waterperry;;;;;;;;;;;;;x
ca_waterperry_desc;PLACEHOLDER DESC;;;;;;;;;;;;;x
ca_fellwood;Fellwood;;;;;;;;;;;;;x
ca_fellwood_desc;PLACEHOLDER DESC;;;;;;;;;;;;;x
ca_griffins_roost;Griffins Roost;;;;;;;;;;;;;x
ca_griffins_roost_desc;PLACEHOLDER DESC;;;;;;;;;;;;;x
ca_crows_nest;Crows Nest;;;;;;;;;;;;;x
ca_crows_nest_desc;PLACEHOLDER DESC;;;;;;;;;;;;;x
ca_lockport;Lockport;;;;;;;;;;;;;x
ca_lockport_desc;PLACEHOLDER DESC;;;;;;;;;;;;;x
ca_weeping_town;Weeping Town;;;;;;;;;;;;;x
ca_weeping_town_desc;PLACEHOLDER DESC;;;;;;;;;;;;;x
ca_mistwood;Mistwood;;;;;;;;;;;;;x
ca_mistwood_desc;PLACEHOLDER DESC;;;;;;;;;;;;;x
ca_rain_house;Rain House;;;;;;;;;;;;;x
ca_rain_house_desc;PLACEHOLDER DESC;;;;;;;;;;;;;x
ca_greenstone;Greenstone;;;;;;;;;;;;;x
ca_greenstone_desc;PLACEHOLDER DESC;;;;;;;;;;;;;x
ca_evenfall;Evenfall;;;;;;;;;;;;;x
ca_evenfall_desc;PLACEHOLDER DESC;;;;;;;;;;;;;x
ca_old_oak;Old Oak Hall;;;;;;;;;;;;;x
ca_old_oak_desc;PLACEHOLDER DESC;;;;;;;;;;;;;x
ca_goldengrove;Goldengrove;;;;;;;;;;;;;x
ca_goldengrove_desc;PLACEHOLDER DESC;;;;;;;;;;;;;x
ca_grassy_vale;Grassy Vale;;;;;;;;;;;;;x
ca_grassy_vale_desc;PLACEHOLDER DESC;;;;;;;;;;;;;x
ca_stonebridge;Stonebridge;;;;;;;;;;;;;x
ca_stonebridge_desc;PLACEHOLDER DESC;;;;;;;;;;;;;x
ca_longtable;Longtable;;;;;;;;;;;;;x
ca_longtable_desc;PLACEHOLDER DESC;;;;;;;;;;;;;x
ca_tumbleton;Tumbleton;;;;;;;;;;;;;x
ca_tumbleton_desc;PLACEHOLDER DESC;;;;;;;;;;;;;x
ca_honeyholt;Honeyholt;;;;;;;;;;;;;x
ca_honeyholt_desc;PLACEHOLDER DESC;;;;;;;;;;;;;x
ca_bandallon;Bandallon;;;;;;;;;;;;;x
ca_bandallon_desc;PLACEHOLDER DESC;;;;;;;;;;;;;x
ca_blackcrown;Blackcrown;;;;;;;;;;;;;x
ca_blackcrown_desc;PLACEHOLDER DESC;;;;;;;;;;;;;x
ca_three_towers;Three Towers;;;;;;;;;;;;;x
ca_three_towers_desc;PLACEHOLDER DESC;;;;;;;;;;;;;x
ca_sunhouse;Sunhouse;;;;;;;;;;;;;x
ca_sunhouse_desc;PLACEHOLDER DESC;;;;;;;;;;;;;x
ca_blackmont;Blackmont;;;;;;;;;;;;;x
ca_blackmont_desc;PLACEHOLDER DESC;;;;;;;;;;;;;x
ca_high_hermitage;High Hermitage;;;;;;;;;;;;;x
ca_high_hermitage_desc;PLACEHOLDER DESC;;;;;;;;;;;;;x
ca_kingsgrave;Kingsgrave;;;;;;;;;;;;;x
ca_kingsgrave_desc;PLACEHOLDER DESC;;;;;;;;;;;;;x
ca_vulture_keep;Vulture Keep;;;;;;;;;;;;;x
ca_vulture_keep_desc;PLACEHOLDER DESC;;;;;;;;;;;;;x
ca_ghaston_grey;Ghaston Grey;;;;;;;;;;;;;x
ca_ghaston_grey_desc;PLACEHOLDER DESC;;;;;;;;;;;;;x
ca_sandstone;Sandstone;;;;;;;;;;;;;x
ca_sandstone_desc;PLACEHOLDER DESC;;;;;;;;;;;;;x
ca_hellholt;Hellholt;;;;;;;;;;;;;x
ca_hellholt_desc;PLACEHOLDER DESC;;;;;;;;;;;;;x
ca_vaith;Vaith;;;;;;;;;;;;;x
ca_vaith_desc;PLACEHOLDER DESC;;;;;;;;;;;;;x
ca_salt_shore;Salt Shore;;;;;;;;;;;;;x
ca_salt_shore_desc;PLACEHOLDER DESC;;;;;;;;;;;;;x
ca_godsgrace;Godsgrace;;;;;;;;;;;;;x
ca_godsgrace_desc;PLACEHOLDER DESC;;;;;;;;;;;;;x
ca_lemonwood;Lemonwood;;;;;;;;;;;;;x
ca_lemonwood_desc;PLACEHOLDER DESC;;;;;;;;;;;;;x
ca_the_tor;The Tor;;;;;;;;;;;;;x
ca_the_tor_desc;PLACEHOLDER DESC;;;;;;;;;;;;;x
ca_plankytown;Plankytown;;;;;;;;;;;;;x
ca_plankytown_desc;PLACEHOLDER DESC;;;;;;;;;;;;;x
ca_ghost_hill;Ghost Hill;;;;;;;;;;;;;x
ca_ghost_hill_desc;PLACEHOLDER DESC;;;;;;;;;;;;;x
ca_spotswood;Spotswood;;;;;;;;;;;;;x
ca_spotswood_desc;PLACEHOLDER DESC;;;;;;;;;;;;;x
ca_glimmering;Glimmering House;;;;;;;;;;;;;x
ca_glimmering_desc;PLACEHOLDER DESC;;;;;;;;;;;;;x
ca_ten_towers;Ten Towers;;;;;;;;;;;;;x
ca_ten_towers_desc;PLACEHOLDER DESC;;;;;;;;;;;;;x
ca_harlaw_hill;Harlaw Hill;;;;;;;;;;;;;x
ca_harlaw_hill_desc;PLACEHOLDER DESC;;;;;;;;;;;;;x
ca_langaanes;Langaanes;;;;;;;;;;;;;x
ca_langaanes_desc;PLACEHOLDER DESC;;;;;;;;;;;;;x
ca_lordsport;Lordsport;;;;;;;;;;;;;x
ca_lordsport_desc;PLACEHOLDER DESC;;;;;;;;;;;;;x
ca_lonely_light;Lonely Light;;;;;;;;;;;;;x
ca_lonely_light_desc;PLACEHOLDER DESC;;;;;;;;;;;;;x
ca_pebbleton;Pebbleton;;;;;;;;;;;;;x
ca_pebbleton_desc;PLACEHOLDER DESC;;;;;;;;;;;;;x
ca_naggas_hill;Naggas Hill;;;;;;;;;;;;;x
ca_naggas_hill_desc;PLACEHOLDER DESC;;;;;;;;;;;;;x
ca_shatterstone;Shatterstone Keep;;;;;;;;;;;;;x
ca_shatterstone_desc;PLACEHOLDER DESC;;;;;;;;;;;;;x
ca_drumm_tower;Drumm Tower;;;;;;;;;;;;;x
ca_drumm_tower_desc;PLACEHOLDER DESC;;;;;;;;;;;;;x
ca_hammerhorn;Hammerhorn Keep;;;;;;;;;;;;;x
ca_hammerhorn_desc;PLACEHOLDER DESC;;;;;;;;;;;;;x
ca_crow_spike_keep;Crow Spike Keep;;;;;;;;;;;;;x
ca_crow_spike_keep_desc;PLACEHOLDER DESC;;;;;;;;;;;;;x
ca_blacktyde;Blacktyde;;;;;;;;;;;;;x
ca_blacktyde_desc;PLACEHOLDER DESC;;;;;;;;;;;;;x
ca_sealskin_point;Sealskin Point;;;;;;;;;;;;;x
ca_sealskin_point_desc;PLACEHOLDER DESC;;;;;;;;;;;;;x
ca_dragonmont;Dragonmont;;;;;;;;;;;;;x
ca_dragonmont_desc;PLACEHOLDER DESC;;;;;;;;;;;;;x
ca_skyreach;Skyreach;;;;;;;;;;;;;x
ca_skyreach_desc;PLACEHOLDER DESC;;;;;;;;;;;;;x
ca_hornvale;Hornvale;;;;;;;;;;;;;x
ca_hornvale_desc;PLACEHOLDER DESC;;;;;;;;;;;;;x
ca_darry;Darry;;;;;;;;;;;;;x
ca_darry_desc;PLACEHOLDER DESC;;;;;;;;;;;;;x
ca_rosby;Rosby;;;;;;;;;;;;;x
ca_rosby_desc;PLACEHOLDER DESC;;;;;;;;;;;;;x
ca_last_refuge;Last Refuge;;;;;;;;;;;;;x
ca_last_refuge_desc;PLACEHOLDER DESC;;;;;;;;;;;;;x
ca_wayfarer;Wayfarer's Rest;;;;;;;;;;;;;x
ca_wayfarer_desc;PLACEHOLDER DESC;;;;;;;;;;;;;x
ca_banefort;Banefort;;;;;;;;;;;;;x
ca_banefort_desc;PLACEHOLDER DESC;;;;;;;;;;;;;x
ca_harrenhal;Harrenhal;;;;;;;;;;;;;x
ca_harrenhal_desc;PLACEHOLDER DESC;;;;;;;;;;;;;x
ca_harrenhal_towers;Harrenhal Towers;;;;;;;;;;;;;x
ca_harrenhal_towers_desc;PLACEHOLDER DESC;;;;;;;;;;;;;x
ca_sunspear;Sunspear;;;;;;;;;;;;;x
ca_sunspear_desc;PLACEHOLDER DESC;;;;;;;;;;;;;x
ca_twins_east;Eastern Twins;;;;;;;;;;;;;x
ca_twins_east_desc;PLACEHOLDER DESC;;;;;;;;;;;;;x
ca_twins_west;Western Twins;;;;;;;;;;;;;x
ca_twins_west_desc;PLACEHOLDER DESC;;;;;;;;;;;;;x
