ct_settlement_1;Hamlet;;;;;;;;;;;;;x
ct_settlement_1_desc;PLACEHOLDER DESC;;;;;;;;;;;;;x
ct_settlement_2;Small Village;;;;;;;;;;;;;x
ct_settlement_2_desc;PLACEHOLDER DESC;;;;;;;;;;;;;x
ct_settlement_3;Village;;;;;;;;;;;;;x
ct_settlement_3_desc;PLACEHOLDER DESC;;;;;;;;;;;;;x
ct_settlement_4;Small Town;;;;;;;;;;;;;x
ct_settlement_4_desc;PLACEHOLDER DESC;;;;;;;;;;;;;x
ct_settlement_5;Town;;;;;;;;;;;;;x
ct_settlement_5_desc;PLACEHOLDER DESC;;;;;;;;;;;;;x
ct_settlement_6;Large Town;;;;;;;;;;;;;x
ct_settlement_6_desc;PLACEHOLDER DESC;;;;;;;;;;;;;x
ct_settlement_7;Small City;;;;;;;;;;;;;x
ct_settlement_7_desc;PLACEHOLDER DESC;;;;;;;;;;;;;x
ct_settlement_8;City;;;;;;;;;;;;;x
ct_settlement_8_desc;PLACEHOLDER DESC;;;;;;;;;;;;;x
ct_settlement_9;Large City;;;;;;;;;;;;;x
ct_settlement_9_desc;PLACEHOLDER DESC;;;;;;;;;;;;;x
ct_settlement_10;Metropolis;;;;;;;;;;;;;x
ct_settlement_10_desc;PLACEHOLDER DESC;;;;;;;;;;;;;x
ct_walls_1;Primitive Breastwork;;;;;;;;;;;;;x
ct_walls_1_desc;PLACEHOLDER DESC;;;;;;;;;;;;;x
ct_walls_2;Extensive Breastwork;;;;;;;;;;;;;x
ct_walls_2_desc;PLACEHOLDER DESC;;;;;;;;;;;;;x
ct_walls_3;Stockade;;;;;;;;;;;;;x
ct_walls_3_desc;PLACEHOLDER DESC;;;;;;;;;;;;;x
ct_walls_4;Palisade Walls;;;;;;;;;;;;;x
ct_walls_4_desc;PLACEHOLDER DESC;;;;;;;;;;;;;x
ct_walls_5;Wooden Walls;;;;;;;;;;;;;x
ct_walls_5_desc;PLACEHOLDER DESC;;;;;;;;;;;;;x
ct_walls_6;Wood and Stone Walls;;;;;;;;;;;;;x
ct_walls_6_desc;PLACEHOLDER DESC;;;;;;;;;;;;;x
ct_walls_7;Stone Walls;;;;;;;;;;;;;x
ct_walls_7_desc;PLACEHOLDER DESC;;;;;;;;;;;;;x
ct_walls_8;Strengthened Stone Walls;;;;;;;;;;;;;x
ct_walls_8_desc;PLACEHOLDER DESC;;;;;;;;;;;;;x
ct_walls_9;Tall Stone Walls;;;;;;;;;;;;;x
ct_walls_9_desc;PLACEHOLDER DESC;;;;;;;;;;;;;x
ct_walls_10;Great Stone Bulwark ;;;;;;;;;;;;;x
ct_walls_10_desc;PLACEHOLDER DESC;;;;;;;;;;;;;x
ct_market_1;Isolated Market Stalls;;;;;;;;;;;;;x
ct_market_1_desc;PLACEHOLDER DESC;;;;;;;;;;;;;x
ct_market_2;Tiny Marketplace;;;;;;;;;;;;;x
ct_market_2_desc;PLACEHOLDER DESC;;;;;;;;;;;;;x
ct_market_3;Small Marketplace;;;;;;;;;;;;;x
ct_market_3_desc;PLACEHOLDER DESC;;;;;;;;;;;;;x
ct_market_4;Sizeable Marketplace;;;;;;;;;;;;;x
ct_market_4_desc;PLACEHOLDER DESC;;;;;;;;;;;;;x
ct_market_5;Established Marketplace;;;;;;;;;;;;;x
ct_market_5_desc;PLACEHOLDER DESC;;;;;;;;;;;;;x
ct_market_6;Busy Marketplace;;;;;;;;;;;;;x
ct_market_6_desc;PLACEHOLDER DESC;;;;;;;;;;;;;x
ct_market_7;Bustling Marketplace;;;;;;;;;;;;;x
ct_market_7_desc;PLACEHOLDER DESC;;;;;;;;;;;;;x
ct_granary_1;Village Granary;;;;;;;;;;;;;x
ct_granary_1_desc;PLACEHOLDER DESC;;;;;;;;;;;;;x
ct_granary_2;Small Town Granary;;;;;;;;;;;;;x
ct_granary_2_desc;PLACEHOLDER DESC;;;;;;;;;;;;;x
ct_granary_3;Town Granary;;;;;;;;;;;;;x
ct_granary_3_desc;PLACEHOLDER DESC;;;;;;;;;;;;;x
ct_granary_4;City Granary;;;;;;;;;;;;;x
ct_granary_4_desc;PLACEHOLDER DESC;;;;;;;;;;;;;x
ct_granary_5;Huge City Granary;;;;;;;;;;;;;x
ct_granary_5_desc;PLACEHOLDER DESC;;;;;;;;;;;;;x
ca_far_sus_1;Primitive Sustenance Farming;;;;;;;;;;;;;x
ca_far_sus_1_desc;PLACEHOLDER DESC;;;;;;;;;;;;;x
ca_far_sus_2;Crude Sustenance Farming;;;;;;;;;;;;;x
ca_far_sus_2_desc;PLACEHOLDER DESC;;;;;;;;;;;;;x
ca_far_sus_3;Sustenance Farming;;;;;;;;;;;;;x
ca_far_sus_3_desc;PLACEHOLDER DESC;;;;;;;;;;;;;x
ca_far_sus_4;Established Sustenance Farming;;;;;;;;;;;;;x
ca_far_sus_4_desc;PLACEHOLDER DESC;;;;;;;;;;;;;x
ca_far_sus_5;Abundant Sustenance Farming;;;;;;;;;;;;;x
ca_far_sus_5_desc;PLACEHOLDER DESC;;;;;;;;;;;;;x
ca_far_sus_6;Small Scale Grain Farming;;;;;;;;;;;;;x
ca_far_sus_6_desc;PLACEHOLDER DESC;;;;;;;;;;;;;x
ca_far_sus_7;Grain Farming;;;;;;;;;;;;;x
ca_far_sus_7_desc;PLACEHOLDER DESC;;;;;;;;;;;;;x
ca_far_sus_8;Extensive Grain Farming;;;;;;;;;;;;;x
ca_far_sus_8_desc;PLACEHOLDER DESC;;;;;;;;;;;;;x
ct_recruit_1;Primitive Levying;;;;;;;;;;;;;x
ct_recruit_1_desc;PLACEHOLDER DESC;;;;;;;;;;;;;x
ct_recruit_2;Rudimentry Levying;;;;;;;;;;;;;x
ct_recruit_2_desc;PLACEHOLDER DESC;;;;;;;;;;;;;x
ct_recruit_3;Well-Established Levying;;;;;;;;;;;;;x
ct_recruit_3_desc;PLACEHOLDER DESC;;;;;;;;;;;;;x
ct_recruit_4;Elaborate Levying;;;;;;;;;;;;;x
ct_recruit_4_desc;PLACEHOLDER DESC;;;;;;;;;;;;;x
ct_recruit_5;Regional Draft;;;;;;;;;;;;;x
ct_recruit_5_desc;PLACEHOLDER DESC;;;;;;;;;;;;;x
ct_barracks_1;Disorganised Local Watch;;;;;;;;;;;;;x
ct_barracks_1_desc;PLACEHOLDER DESC;;;;;;;;;;;;;x
ct_barracks_2;Local Watch;;;;;;;;;;;;;x
ct_barracks_2_desc;PLACEHOLDER DESC;;;;;;;;;;;;;x
ct_barracks_3;Sizeable Local Watch;;;;;;;;;;;;;x
ct_barracks_3_desc;PLACEHOLDER DESC;;;;;;;;;;;;;x
ct_barracks_4;Town Watch;;;;;;;;;;;;;x
ct_barracks_4_desc;PLACEHOLDER DESC;;;;;;;;;;;;;x
ct_barracks_5;Established Town Watch;;;;;;;;;;;;;x
ct_barracks_5_desc;PLACEHOLDER DESC;;;;;;;;;;;;;x
ct_barracks_6;Undermanned City Watch;;;;;;;;;;;;;x
ct_barracks_6_desc;PLACEHOLDER DESC;;;;;;;;;;;;;x
ct_barracks_7;City Watch;;;;;;;;;;;;;x
ct_barracks_7_desc;PLACEHOLDER DESC;;;;;;;;;;;;;x
ct_barracks_8;Established City Watch;;;;;;;;;;;;;x
ct_barracks_8_desc;PLACEHOLDER DESC;;;;;;;;;;;;;x
ct_barracks_9;Well Supplied City Watch;;;;;;;;;;;;;x
ct_barracks_9_desc;PLACEHOLDER DESC;;;;;;;;;;;;;x
ct_pat_1;Infrequent Foot Patrols;;;;;;;;;;;;;x
ct_pat_1_desc;PLACEHOLDER DESC;;;;;;;;;;;;;x
ct_pat_2;Irregular Foot Patrols;;;;;;;;;;;;;x
ct_pat_2_desc;PLACEHOLDER DESC;;;;;;;;;;;;;x
ct_pat_3;Regular Foot Patrols;;;;;;;;;;;;;x
ct_pat_3_desc;PLACEHOLDER DESC;;;;;;;;;;;;;x
ct_pat_4;Frequent Foot Patrols;;;;;;;;;;;;;x
ct_pat_4_desc;PLACEHOLDER DESC;;;;;;;;;;;;;x
ct_pat_5;Infrequent Cavalry Patrols;;;;;;;;;;;;;x
ct_pat_5_desc;PLACEHOLDER DESC;;;;;;;;;;;;;x
ct_pat_6;Irregular Cavalry Patrols;;;;;;;;;;;;;x
ct_pat_6_desc;PLACEHOLDER DESC;;;;;;;;;;;;;x
ct_pat_7;Regular Cavalry Patrols;;;;;;;;;;;;;x
ct_pat_7_desc;PLACEHOLDER DESC;;;;;;;;;;;;;x
ct_pat_8;Frequent Cavalry Patrols;;;;;;;;;;;;;x
ct_pat_8_desc;PLACEHOLDER DESC;;;;;;;;;;;;;x
ct_port_1;Primitive Pier;;;;;;;;;;;;;x
ct_port_1_desc;PLACEHOLDER DESC;;;;;;;;;;;;;x
ct_port_2;Village Pier;;;;;;;;;;;;;x
ct_port_2_desc;PLACEHOLDER DESC;;;;;;;;;;;;;x
ct_port_3;Rudimentry Harbour;;;;;;;;;;;;;x
ct_port_3_desc;PLACEHOLDER DESC;;;;;;;;;;;;;x
ct_port_4;Harbour;;;;;;;;;;;;;x
ct_port_4_desc;PLACEHOLDER DESC;;;;;;;;;;;;;x
ct_port_5;Well Established Harbour;;;;;;;;;;;;;x
ct_port_5_desc;PLACEHOLDER DESC;;;;;;;;;;;;;x
ct_port_6;Minor Port;;;;;;;;;;;;;x
ct_port_6_desc;PLACEHOLDER DESC;;;;;;;;;;;;;x
ct_port_7;Bustling Port;;;;;;;;;;;;;x
ct_port_7_desc;PLACEHOLDER DESC;;;;;;;;;;;;;x
ct_port_8;Major Regional Port;;;;;;;;;;;;;x
ct_port_8_desc;PLACEHOLDER DESC;;;;;;;;;;;;;x
ct_smith_1;Primitive Blacksmith's Forge;;;;;;;;;;;;;x
ct_smith_1_desc;PLACEHOLDER DESC;;;;;;;;;;;;;x
ct_smith_2;Crude Blacksmiths Forge;;;;;;;;;;;;;x
ct_smith_2_desc;PLACEHOLDER DESC;;;;;;;;;;;;;x
ct_smith_3;Established Blacksmith's Forge;;;;;;;;;;;;;x
ct_smith_3_desc;PLACEHOLDER DESC;;;;;;;;;;;;;x
ct_smith_4;Sizeable Blacksmith's Forge;;;;;;;;;;;;;x
ct_smith_4_desc;PLACEHOLDER DESC;;;;;;;;;;;;;x
ct_smith_5;Small Blacksmithy;;;;;;;;;;;;;x
ct_smith_5_desc;PLACEHOLDER DESC;;;;;;;;;;;;;x
ct_far_sus_1;Primitive Sustenance Farming;;;;;;;;;;;;;x
ct_far_sus_1_desc;PLACEHOLDER DESC;;;;;;;;;;;;;x
ct_far_sus_2;Inefficient Sustenance Farming;;;;;;;;;;;;;x
ct_far_sus_2_desc;PLACEHOLDER DESC;;;;;;;;;;;;;x
ct_far_sus_3;Sustenance Farming;;;;;;;;;;;;;x
ct_far_sus_3_desc;PLACEHOLDER DESC;;;;;;;;;;;;;x
ct_far_sus_4;Well-Established Sustenance Farming;;;;;;;;;;;;;x
ct_far_sus_4_desc;PLACEHOLDER DESC;;;;;;;;;;;;;x
ct_far_sus_5;Efficient Sustenance Farming;;;;;;;;;;;;;x
ct_far_sus_5_desc;PLACEHOLDER DESC;;;;;;;;;;;;;x
ct_far_sus_6;Abundant Sustenance Farming;;;;;;;;;;;;;x
ct_far_sus_6_desc;PLACEHOLDER DESC;;;;;;;;;;;;;x
ct_steelworks_1;Primitive Steelworks;;;;;;;;;;;;;x
ct_steelworks_1_desc;PLACEHOLDER DESC;;;;;;;;;;;;;x
ct_steelworks_2;Crude Steelworks;;;;;;;;;;;;;x
ct_steelworks_2_desc;PLACEHOLDER DESC;;;;;;;;;;;;;x
ct_steelworks_3;Established Steelworks;;;;;;;;;;;;;x
ct_steelworks_3_desc;PLACEHOLDER DESC;;;;;;;;;;;;;x
ct_steelworks_4;Well-Established Steelworks;;;;;;;;;;;;;x
ct_steelworks_4_desc;PLACEHOLDER DESC;;;;;;;;;;;;;x
ct_steelworks_5;Renown Steelworks;;;;;;;;;;;;;x
ct_steelworks_5_desc;PLACEHOLDER DESC;;;;;;;;;;;;;x
ct_lumbermill_k_1;Primitive Kingswood Lumbershack;;;;;;;;;;;;;x
ct_lumbermill_k_1_desc;PLACEHOLDER DESC;;;;;;;;;;;;;x
ct_lumbermill_k_2;Small Kingswood Lumbershack;;;;;;;;;;;;;x
ct_lumbermill_k_2_desc;PLACEHOLDER DESC;;;;;;;;;;;;;x
ct_lumbermill_k_3;Sizeable Kingswood Lumbershack;;;;;;;;;;;;;x
ct_lumbermill_k_3_desc;PLACEHOLDER DESC;;;;;;;;;;;;;x
ct_lumbermill_k_4;Crude Kingswood Lumberyard;;;;;;;;;;;;;x
ct_lumbermill_k_4_desc;PLACEHOLDER DESC;;;;;;;;;;;;;x
ct_lumbermill_k_5;Established Kingswood Lumberyard;;;;;;;;;;;;;x
ct_lumbermill_k_5_desc;PLACEHOLDER DESC;;;;;;;;;;;;;x
ct_lumbermill_r_1;Primitive Rainwood Lumbershack;;;;;;;;;;;;;x
ct_lumbermill_r_1_desc;PLACEHOLDER DESC;;;;;;;;;;;;;x
ct_lumbermill_r_2;Small Rainwood Lumbershack;;;;;;;;;;;;;x
ct_lumbermill_r_2_desc;PLACEHOLDER DESC;;;;;;;;;;;;;x
ct_lumbermill_r_3;Sizeable Rainwood Lumbershack;;;;;;;;;;;;;x
ct_lumbermill_r_3_desc;PLACEHOLDER DESC;;;;;;;;;;;;;x
ct_lumbermill_r_4;Crude Rainwood Lumberyard;;;;;;;;;;;;;x
ct_lumbermill_r_4_desc;PLACEHOLDER DESC;;;;;;;;;;;;;x
ct_lumbermill_r_5;Established Rainwood Lumberyard;;;;;;;;;;;;;x
ct_lumbermill_r_5_desc;PLACEHOLDER DESC;;;;;;;;;;;;;x
ct_lumbermill_m_1;Primitive Mistwood Lumbershack;;;;;;;;;;;;;x
ct_lumbermill_m_1_desc;PLACEHOLDER DESC;;;;;;;;;;;;;x
ct_lumbermill_m_2;Small Mistwood Lumbershack;;;;;;;;;;;;;x
ct_lumbermill_m_2_desc;PLACEHOLDER DESC;;;;;;;;;;;;;x
ct_lumbermill_m_3;Sizeable Mistwood Lumbershack;;;;;;;;;;;;;x
ct_lumbermill_m_3_desc;PLACEHOLDER DESC;;;;;;;;;;;;;x
ct_lumbermill_m_4;Crude Mistwood Lumberyard;;;;;;;;;;;;;x
ct_lumbermill_m_4_desc;PLACEHOLDER DESC;;;;;;;;;;;;;x
ct_lumbermill_m_5;Established Mistwood Lumberyard;;;;;;;;;;;;;x
ct_lumbermill_m_5_desc;PLACEHOLDER DESC;;;;;;;;;;;;;x
ct_lumbermill_l_1;Primitive Lemonwood Lumbershack;;;;;;;;;;;;;x
ct_lumbermill_l_1_desc;PLACEHOLDER DESC;;;;;;;;;;;;;x
ct_lumbermill_l_2;Small Lemonwood Lumbershack;;;;;;;;;;;;;x
ct_lumbermill_l_2_desc;PLACEHOLDER DESC;;;;;;;;;;;;;x
ct_lumbermill_l_3;Sizeable Lemonwood Lumbershack;;;;;;;;;;;;;x
ct_lumbermill_l_3_desc;PLACEHOLDER DESC;;;;;;;;;;;;;x
ct_lumbermill_l_4;Crude Lemonwood Lumberyard;;;;;;;;;;;;;x
ct_lumbermill_l_4_desc;PLACEHOLDER DESC;;;;;;;;;;;;;x
ct_lumbermill_l_5;Established Lemonwood Lumberyard;;;;;;;;;;;;;x
ct_lumbermill_l_5_desc;PLACEHOLDER DESC;;;;;;;;;;;;;x
ct_lumbermill_w_1;Primitive Wolfwood Lumbershack;;;;;;;;;;;;;x
ct_lumbermill_w_1_desc;PLACEHOLDER DESC;;;;;;;;;;;;;x
ct_lumbermill_w_2;Small Wolfwood Lumbershack;;;;;;;;;;;;;x
ct_lumbermill_w_2_desc;PLACEHOLDER DESC;;;;;;;;;;;;;x
ct_lumbermill_w_3;Sizeable Wolfwood Lumbershack;;;;;;;;;;;;;x
ct_lumbermill_w_3_desc;PLACEHOLDER DESC;;;;;;;;;;;;;x
ct_lumbermill_w_4;Crude Wolfwood Lumberyard;;;;;;;;;;;;;x
ct_lumbermill_w_4_desc;PLACEHOLDER DESC;;;;;;;;;;;;;x
ct_lumbermill_w_5;Established Wolfwood Lumberyard;;;;;;;;;;;;;x
ct_lumbermill_w_5_desc;PLACEHOLDER DESC;;;;;;;;;;;;;x
ct_quarry_1;Raw Stone Collection;;;;;;;;;;;;;x
ct_quarry_1_desc;PLACEHOLDER DESC;;;;;;;;;;;;;x
ct_quarry_2;Shallow Quarry;;;;;;;;;;;;;x
ct_quarry_2_desc;PLACEHOLDER DESC;;;;;;;;;;;;;x
ct_quarry_3;Crude Quarry;;;;;;;;;;;;;x
ct_quarry_3_desc;PLACEHOLDER DESC;;;;;;;;;;;;;x
ct_quarry_4;Sizeable Quarry;;;;;;;;;;;;;x
ct_quarry_4_desc;PLACEHOLDER DESC;;;;;;;;;;;;;x
ct_quarry_5;Established Quarry;;;;;;;;;;;;;x
ct_quarry_5_desc;PLACEHOLDER DESC;;;;;;;;;;;;;x
ct_mine_c_1;Shallow Coal Pit;;;;;;;;;;;;;x
ct_mine_c_1_desc;PLACEHOLDER DESC;;;;;;;;;;;;;x
ct_mine_c_2;Primitive Coal Shafts;;;;;;;;;;;;;x
ct_mine_c_2_desc;PLACEHOLDER DESC;;;;;;;;;;;;;x
ct_mine_c_3;Crude Coal Mine;;;;;;;;;;;;;x
ct_mine_c_3_desc;PLACEHOLDER DESC;;;;;;;;;;;;;x
ct_mine_c_4;Sizeable Coal Mine;;;;;;;;;;;;;x
ct_mine_c_4_desc;PLACEHOLDER DESC;;;;;;;;;;;;;x
ct_mine_c_5;Established Coal Mine;;;;;;;;;;;;;x
ct_mine_c_5_desc;PLACEHOLDER DESC;;;;;;;;;;;;;x
ct_mine_sa_1;Shallow Salt Bores;;;;;;;;;;;;;x
ct_mine_sa_1_desc;PLACEHOLDER DESC;;;;;;;;;;;;;x
ct_mine_sa_2;Extensive Salt Bores;;;;;;;;;;;;;x
ct_mine_sa_2_desc;PLACEHOLDER DESC;;;;;;;;;;;;;x
ct_mine_sa_3;Small Salt Mine;;;;;;;;;;;;;x
ct_mine_sa_3_desc;PLACEHOLDER DESC;;;;;;;;;;;;;x
ct_mine_sa_4;Sizeable Salt Mine;;;;;;;;;;;;;x
ct_mine_sa_4_desc;PLACEHOLDER DESC;;;;;;;;;;;;;x
ct_mine_sa_5;Extensive Salt Mine;;;;;;;;;;;;;x
ct_mine_sa_5_desc;PLACEHOLDER DESC;;;;;;;;;;;;;x
ct_quarry_m_1;Primitive Marble Quarry;;;;;;;;;;;;;x
ct_quarry_m_1_desc;PLACEHOLDER DESC;;;;;;;;;;;;;x
ct_quarry_m_2;Crude Marble Quarry;;;;;;;;;;;;;x
ct_quarry_m_2_desc;PLACEHOLDER DESC;;;;;;;;;;;;;x
ct_quarry_m_3;Small Marble Quarry;;;;;;;;;;;;;x
ct_quarry_m_3_desc;PLACEHOLDER DESC;;;;;;;;;;;;;x
ct_quarry_m_4;Sizeable Marble Quarry;;;;;;;;;;;;;x
ct_quarry_m_4_desc;PLACEHOLDER DESC;;;;;;;;;;;;;x
ct_quarry_m_5;Established Marble Quarry;;;;;;;;;;;;;x
ct_quarry_m_5_desc;PLACEHOLDER DESC;;;;;;;;;;;;;x
ct_quarry_gr_1;Primitive Granite Quarry;;;;;;;;;;;;;x
ct_quarry_gr_1_desc;PLACEHOLDER DESC;;;;;;;;;;;;;x
ct_quarry_gr_2;Crude Granite Quarry;;;;;;;;;;;;;x
ct_quarry_gr_2_desc;PLACEHOLDER DESC;;;;;;;;;;;;;x
ct_quarry_gr_3;Small Granite Quarry;;;;;;;;;;;;;x
ct_quarry_gr_3_desc;PLACEHOLDER DESC;;;;;;;;;;;;;x
ct_quarry_gr_4;Sizeable Granite Quarry;;;;;;;;;;;;;x
ct_quarry_gr_4_desc;PLACEHOLDER DESC;;;;;;;;;;;;;x
ct_quarry_gr_5;Established Granite Quarry;;;;;;;;;;;;;x
ct_quarry_gr_5_desc;PLACEHOLDER DESC;;;;;;;;;;;;;x
ct_mine_co_1;Primitive Copper Mine;;;;;;;;;;;;;x
ct_mine_co_1_desc;PLACEHOLDER DESC;;;;;;;;;;;;;x
ct_mine_co_2;Crude Copper Mine;;;;;;;;;;;;;x
ct_mine_co_2_desc;PLACEHOLDER DESC;;;;;;;;;;;;;x
ct_mine_co_3;Small Copper Mine;;;;;;;;;;;;;x
ct_mine_co_3_desc;PLACEHOLDER DESC;;;;;;;;;;;;;x
ct_mine_co_4;Sizeable Copper Mine;;;;;;;;;;;;;x
ct_mine_co_4_desc;PLACEHOLDER DESC;;;;;;;;;;;;;x
ct_mine_co_5;Established Copper Mine;;;;;;;;;;;;;x
ct_mine_co_5_desc;PLACEHOLDER DESC;;;;;;;;;;;;;x
ct_mine_i_1;Primitive Iron Mine;;;;;;;;;;;;;x
ct_mine_i_1_desc;PLACEHOLDER DESC;;;;;;;;;;;;;x
ct_mine_i_2;Crude Iron Mine;;;;;;;;;;;;;x
ct_mine_i_2_desc;PLACEHOLDER DESC;;;;;;;;;;;;;x
ct_mine_i_3;Small Iron Mine;;;;;;;;;;;;;x
ct_mine_i_3_desc;PLACEHOLDER DESC;;;;;;;;;;;;;x
ct_mine_i_4;Sizeable Iron Mine;;;;;;;;;;;;;x
ct_mine_i_4_desc;PLACEHOLDER DESC;;;;;;;;;;;;;x
ct_mine_i_5;Established Iron Mine;;;;;;;;;;;;;x
ct_mine_i_5_desc;PLACEHOLDER DESC;;;;;;;;;;;;;x
ct_mine_s_1;Primitive Silver Mine;;;;;;;;;;;;;x
ct_mine_s_1_desc;PLACEHOLDER DESC;;;;;;;;;;;;;x
ct_mine_s_2;Small Silver Mine;;;;;;;;;;;;;x
ct_mine_s_2_desc;PLACEHOLDER DESC;;;;;;;;;;;;;x
ct_mine_s_3;Sizeable Silver Mine;;;;;;;;;;;;;x
ct_mine_s_3_desc;PLACEHOLDER DESC;;;;;;;;;;;;;x
ct_mine_s_4;Established Silver Mine;;;;;;;;;;;;;x
ct_mine_s_4_desc;PLACEHOLDER DESC;;;;;;;;;;;;;x
ct_mine_s_5;Renowned Silver Mine;;;;;;;;;;;;;x
ct_mine_s_5_desc;PLACEHOLDER DESC;;;;;;;;;;;;;x
ct_mine_g_1;Primitive Gold Mine;;;;;;;;;;;;;x
ct_mine_g_1_desc;PLACEHOLDER DESC;;;;;;;;;;;;;x
ct_mine_g_2;Small Gold Mine;;;;;;;;;;;;;x
ct_mine_g_2_desc;PLACEHOLDER DESC;;;;;;;;;;;;;x
ct_mine_g_3;Sizeable Gold Mine;;;;;;;;;;;;;x
ct_mine_g_3_desc;PLACEHOLDER DESC;;;;;;;;;;;;;x
ct_mine_g_4;Established Gold Mine;;;;;;;;;;;;;x
ct_mine_g_4_desc;PLACEHOLDER DESC;;;;;;;;;;;;;x
ct_mine_g_5;Renowned Gold Mine;;;;;;;;;;;;;x
ct_mine_g_5_desc;PLACEHOLDER DESC;;;;;;;;;;;;;x
ct_mine_d_1;Primitive Diamond Mine;;;;;;;;;;;;;x
ct_mine_d_1_desc;PLACEHOLDER DESC;;;;;;;;;;;;;x
ct_mine_d_2;Small Diamond Mine;;;;;;;;;;;;;x
ct_mine_d_2_desc;PLACEHOLDER DESC;;;;;;;;;;;;;x
ct_mine_d_3;Sizeable Diamond Mine;;;;;;;;;;;;;x
ct_mine_d_3_desc;PLACEHOLDER DESC;;;;;;;;;;;;;x
ct_mine_d_4;Established Diamond Mine;;;;;;;;;;;;;x
ct_mine_d_4_desc;PLACEHOLDER DESC;;;;;;;;;;;;;x
ct_mine_d_5;Renowned Diamond Mine;;;;;;;;;;;;;x
ct_mine_d_5_desc;PLACEHOLDER DESC;;;;;;;;;;;;;x
ct_mine_gm_1;Primitive Gemstone Mine;;;;;;;;;;;;;x
ct_mine_gm_1_desc;PLACEHOLDER DESC;;;;;;;;;;;;;x
ct_mine_gm_2;Small Gemstone Mine;;;;;;;;;;;;;x
ct_mine_gm_2_desc;PLACEHOLDER DESC;;;;;;;;;;;;;x
ct_mine_gm_3;Sizeable Gemstone Mine;;;;;;;;;;;;;x
ct_mine_gm_3_desc;PLACEHOLDER DESC;;;;;;;;;;;;;x
ct_mine_gm_4;Established Gemstone Mine;;;;;;;;;;;;;x
ct_mine_gm_4_desc;PLACEHOLDER DESC;;;;;;;;;;;;;x
ct_mine_gm_5;Renowned Gemstone Mine;;;;;;;;;;;;;x
ct_mine_gm_5_desc;PLACEHOLDER DESC;;;;;;;;;;;;;x
ct_mine_o_1;Primitive Dragonglass Mine;;;;;;;;;;;;;x
ct_mine_o_1_desc;PLACEHOLDER DESC;;;;;;;;;;;;;x
ct_mine_o_2;Small Dragonglass Mine;;;;;;;;;;;;;x
ct_mine_o_2_desc;PLACEHOLDER DESC;;;;;;;;;;;;;x
ct_mine_o_3;Sizeable Dragonglass Mine;;;;;;;;;;;;;x
ct_mine_o_3_desc;PLACEHOLDER DESC;;;;;;;;;;;;;x
ct_mine_o_4;Established Dragonglass Mine;;;;;;;;;;;;;x
ct_mine_o_4_desc;PLACEHOLDER DESC;;;;;;;;;;;;;x
ct_mine_o_5;Renowned Dragonglass Mine;;;;;;;;;;;;;x
ct_mine_o_5_desc;PLACEHOLDER DESC;;;;;;;;;;;;;x
ct_seal_hunt_1;Trivial Seal Hunting;;;;;;;;;;;;;x
ct_seal_hunt_1_desc;PLACEHOLDER DESC;;;;;;;;;;;;;x
ct_seal_hunt_2;Insignificant Seal Hunting;;;;;;;;;;;;;x
ct_seal_hunt_2_desc;PLACEHOLDER DESC;;;;;;;;;;;;;x
ct_seal_hunt_3;Sizeable Seal Hunting;;;;;;;;;;;;;x
ct_seal_hunt_3_desc;PLACEHOLDER DESC;;;;;;;;;;;;;x
ct_seal_hunt_4;Established Seal Hunting;;;;;;;;;;;;;x
ct_seal_hunt_4_desc;PLACEHOLDER DESC;;;;;;;;;;;;;x
ct_seal_hunt_5;Extensive Seal Hunting;;;;;;;;;;;;;x
ct_seal_hunt_5_desc;PLACEHOLDER DESC;;;;;;;;;;;;;x
ct_hunt_1;Trivial Hunting;;;;;;;;;;;;;x
ct_hunt_1_desc;PLACEHOLDER DESC;;;;;;;;;;;;;x
ct_hunt_2;Insignificant Hunting;;;;;;;;;;;;;x
ct_hunt_2_desc;PLACEHOLDER DESC;;;;;;;;;;;;;x
ct_hunt_3;Sizeable Hunting;;;;;;;;;;;;;x
ct_hunt_3_desc;PLACEHOLDER DESC;;;;;;;;;;;;;x
ct_hunt_4;Established Hunting;;;;;;;;;;;;;x
ct_hunt_4_desc;PLACEHOLDER DESC;;;;;;;;;;;;;x
ct_hunt_5;Extensive Hunting;;;;;;;;;;;;;x
ct_hunt_5_desc;PLACEHOLDER DESC;;;;;;;;;;;;;x
ct_jewellery_1;Tiny Jeweller;;;;;;;;;;;;;x
ct_jewellery_1_desc;PLACEHOLDER DESC;;;;;;;;;;;;;x
ct_jewellery_2;Small Jeweller;;;;;;;;;;;;;x
ct_jewellery_2_desc;PLACEHOLDER DESC;;;;;;;;;;;;;x
ct_jewellery_3;Sizeable Jeweller;;;;;;;;;;;;;x
ct_jewellery_3_desc;PLACEHOLDER DESC;;;;;;;;;;;;;x
ct_jewellery_4;Established Jeweller;;;;;;;;;;;;;x
ct_jewellery_4_desc;PLACEHOLDER DESC;;;;;;;;;;;;;x
ct_jewellery_5;Renowned Jeweller;;;;;;;;;;;;;x
ct_jewellery_5_desc;PLACEHOLDER DESC;;;;;;;;;;;;;x
ct_precious_fabrics_1;Tiny Fabric Merchant;;;;;;;;;;;;;x
ct_precious_fabrics_1_desc;PLACEHOLDER DESC;;;;;;;;;;;;;x
ct_precious_fabrics_2;Small Fabric Merchant;;;;;;;;;;;;;x
ct_precious_fabrics_2_desc;PLACEHOLDER DESC;;;;;;;;;;;;;x
ct_precious_fabrics_3;Sizeable Fabric Merchant;;;;;;;;;;;;;x
ct_precious_fabrics_3_desc;PLACEHOLDER DESC;;;;;;;;;;;;;x
ct_precious_fabrics_4;Established Fabric Merchant;;;;;;;;;;;;;x
ct_precious_fabrics_4_desc;PLACEHOLDER DESC;;;;;;;;;;;;;x
ct_precious_fabrics_5;Renowned Fabric Merchant;;;;;;;;;;;;;x
ct_precious_fabrics_5_desc;PLACEHOLDER DESC;;;;;;;;;;;;;x
ct_chapel_1;Altar;;;;;;;;;;;;;x
ct_chapel_1_desc;PLACEHOLDER DESC;;;;;;;;;;;;;x
ct_chapel_2;Chapel;;;;;;;;;;;;;x
ct_chapel_2_desc;PLACEHOLDER DESC;;;;;;;;;;;;;x
ct_chapel_3;Modest Chapel;;;;;;;;;;;;;x
ct_chapel_3_desc;PLACEHOLDER DESC;;;;;;;;;;;;;x
ct_chapel_4;Small Church;;;;;;;;;;;;;x
ct_chapel_4_desc;PLACEHOLDER DESC;;;;;;;;;;;;;x
ct_chapel_5;Church;;;;;;;;;;;;;x
ct_chapel_5_desc;PLACEHOLDER DESC;;;;;;;;;;;;;x
ct_chapel_6;Cathederal;;;;;;;;;;;;;x
ct_chapel_6_desc;PLACEHOLDER DESC;;;;;;;;;;;;;x
