tp_settlement_1;Grove;;;;;;;;;;;;;x
tp_settlement_1_desc;PLACEHOLDER DESC;;;;;;;;;;;;;x
tp_settlement_2;Small Shrine;;;;;;;;;;;;;x
tp_settlement_2_desc;PLACEHOLDER DESC;;;;;;;;;;;;;x
tp_settlement_3;Shrine;;;;;;;;;;;;;x
tp_settlement_3_desc;PLACEHOLDER DESC;;;;;;;;;;;;;x
tp_settlement_4;Established Shrine;;;;;;;;;;;;;x
tp_settlement_4_desc;PLACEHOLDER DESC;;;;;;;;;;;;;x
tp_settlement_5;Minor Chapel;;;;;;;;;;;;;x
tp_settlement_5_desc;PLACEHOLDER DESC;;;;;;;;;;;;;x
tp_settlement_6;Sizeable Chapel;;;;;;;;;;;;;x
tp_settlement_6_desc;PLACEHOLDER DESC;;;;;;;;;;;;;x
tp_settlement_7;Small Church;;;;;;;;;;;;;x
tp_settlement_7_desc;PLACEHOLDER DESC;;;;;;;;;;;;;x
tp_settlement_8;Church;;;;;;;;;;;;;x
tp_settlement_8_desc;PLACEHOLDER DESC;;;;;;;;;;;;;x
tp_settlement_9;Large Church;;;;;;;;;;;;;x
tp_settlement_9_desc;PLACEHOLDER DESC;;;;;;;;;;;;;x
tp_settlement_10;Gargantuan Church;;;;;;;;;;;;;x
tp_settlement_10_desc;PLACEHOLDER DESC;;;;;;;;;;;;;x
tp_walls_1;Primitive Breastwork;;;;;;;;;;;;;x
tp_walls_1_desc;PLACEHOLDER DESC;;;;;;;;;;;;;x
tp_walls_2;Extensive Breastwork;;;;;;;;;;;;;x
tp_walls_2_desc;PLACEHOLDER DESC;;;;;;;;;;;;;x
tp_walls_3;Stockade;;;;;;;;;;;;;x
tp_walls_3_desc;PLACEHOLDER DESC;;;;;;;;;;;;;x
tp_walls_4;Palisade Walls;;;;;;;;;;;;;x
tp_walls_4_desc;PLACEHOLDER DESC;;;;;;;;;;;;;x
tp_walls_5;Wooden Walls;;;;;;;;;;;;;x
tp_walls_5_desc;PLACEHOLDER DESC;;;;;;;;;;;;;x
tp_walls_6;Wood and Stone Walls;;;;;;;;;;;;;x
tp_walls_6_desc;PLACEHOLDER DESC;;;;;;;;;;;;;x
tp_walls_7;Stone Walls;;;;;;;;;;;;;x
tp_walls_7_desc;PLACEHOLDER DESC;;;;;;;;;;;;;x
tp_town_1;Outlying Cottages;;;;;;;;;;;;;x
tp_town_1_desc;PLACEHOLDER DESC;;;;;;;;;;;;;x
tp_town_2;Scattered Hamlet;;;;;;;;;;;;;x
tp_town_2_desc;PLACEHOLDER DESC;;;;;;;;;;;;;x
tp_town_3;Clustered Hamlet;;;;;;;;;;;;;x
tp_town_3_desc;PLACEHOLDER DESC;;;;;;;;;;;;;x
tp_town_4;Meagre Monastry Village;;;;;;;;;;;;;x
tp_town_4_desc;PLACEHOLDER DESC;;;;;;;;;;;;;x
tp_town_5;Small Monastry Village;;;;;;;;;;;;;x
tp_town_5_desc;PLACEHOLDER DESC;;;;;;;;;;;;;x
tp_town_6;Sizeable Monastry Village;;;;;;;;;;;;;x
tp_town_6_desc;PLACEHOLDER DESC;;;;;;;;;;;;;x
tp_town_7;Meagre Monastry Town;;;;;;;;;;;;;x
tp_town_7_desc;PLACEHOLDER DESC;;;;;;;;;;;;;x
tp_town_8;Noteworthy Monastry Town;;;;;;;;;;;;;x
tp_town_8_desc;PLACEHOLDER DESC;;;;;;;;;;;;;x
tp_town_9;Sizeable Monastry Town;;;;;;;;;;;;;x
tp_town_9_desc;PLACEHOLDER DESC;;;;;;;;;;;;;x
tp_town_10;Large, Flourishing Monastry Town;;;;;;;;;;;;;x
tp_town_10_desc;PLACEHOLDER DESC;;;;;;;;;;;;;x
tp_town_11;XSprawling Monastry Town;;;;;;;;;;;;;x
tp_town_11_desc;PLACEHOLDER DESC;;;;;;;;;;;;;x
tp_chapterhouse_1;Crude Chapterhouse;;;;;;;;;;;;;x
tp_chapterhouse_1_desc;PLACEHOLDER DESC;;;;;;;;;;;;;x
tp_chapterhouse_2;Humble Chapterhouse;;;;;;;;;;;;;x
tp_chapterhouse_2_desc;PLACEHOLDER DESC;;;;;;;;;;;;;x
tp_chapterhouse_3;Chapterhouse;;;;;;;;;;;;;x
tp_chapterhouse_3_desc;PLACEHOLDER DESC;;;;;;;;;;;;;x
tp_chapterhouse_4;Sizeable Chapterhouse;;;;;;;;;;;;;x
tp_chapterhouse_4_desc;PLACEHOLDER DESC;;;;;;;;;;;;;x
tp_chapterhouse_5;Large Chapterhouse;;;;;;;;;;;;;x
tp_chapterhouse_5_desc;PLACEHOLDER DESC;;;;;;;;;;;;;x
tp_barracks_1;Farmhouse Bunks;;;;;;;;;;;;;x
tp_barracks_1_desc;PLACEHOLDER DESC;;;;;;;;;;;;;x
tp_barracks_2;Small Quarters;;;;;;;;;;;;;x
tp_barracks_2_desc;PLACEHOLDER DESC;;;;;;;;;;;;;x
tp_barracks_3;Sizeable Quarters;;;;;;;;;;;;;x
tp_barracks_3_desc;PLACEHOLDER DESC;;;;;;;;;;;;;x
tp_barracks_4;Wing;;;;;;;;;;;;;x
tp_barracks_4_desc;PLACEHOLDER DESC;;;;;;;;;;;;;x
tp_barracks_5;Large Wing;;;;;;;;;;;;;x
tp_barracks_5_desc;PLACEHOLDER DESC;;;;;;;;;;;;;x
tp_barracks_6;Sizeable Standing Barracks;;;;;;;;;;;;;x
tp_barracks_6_desc;PLACEHOLDER DESC;;;;;;;;;;;;;x
tp_barracks_7;Large Standing Barracks;;;;;;;;;;;;;x
tp_barracks_7_desc;PLACEHOLDER DESC;;;;;;;;;;;;;x
tp_stables_1;Scattered Horse Hitches;;;;;;;;;;;;;x
tp_stables_1_desc;PLACEHOLDER DESC;;;;;;;;;;;;;x
tp_stables_2;Dedicated Horse Hitches;;;;;;;;;;;;;x
tp_stables_2_desc;PLACEHOLDER DESC;;;;;;;;;;;;;x
tp_stables_3;Small Thatched Stable;;;;;;;;;;;;;x
tp_stables_3_desc;PLACEHOLDER DESC;;;;;;;;;;;;;x
tp_stables_4;Large Thatched Stable;;;;;;;;;;;;;x
tp_stables_4_desc;PLACEHOLDER DESC;;;;;;;;;;;;;x
tp_stables_5;Small Cavalry Stables;;;;;;;;;;;;;x
tp_stables_5_desc;PLACEHOLDER DESC;;;;;;;;;;;;;x
tp_stables_6;Sizeable Cavalry Stables;;;;;;;;;;;;;x
tp_stables_6_desc;PLACEHOLDER DESC;;;;;;;;;;;;;x
tp_stables_7;Large Cavalry Stables;;;;;;;;;;;;;x
tp_stables_7_desc;PLACEHOLDER DESC;;;;;;;;;;;;;x
tp_pat_1;Infrequent Foot Patrols;;;;;;;;;;;;;x
tp_pat_1_desc;PLACEHOLDER DESC;;;;;;;;;;;;;x
tp_pat_2;II Irregular Foot Patrols;;;;;;;;;;;;;x
tp_pat_2_desc;PLACEHOLDER DESC;;;;;;;;;;;;;x
tp_pat_3;Regular Foot Patrols;;;;;;;;;;;;;x
tp_pat_3_desc;PLACEHOLDER DESC;;;;;;;;;;;;;x
tp_pat_4;Frequent Foot Patrols;;;;;;;;;;;;;x
tp_pat_4_desc;PLACEHOLDER DESC;;;;;;;;;;;;;x
tp_pat_5;Infrequent Cavalry Patrols;;;;;;;;;;;;;x
tp_pat_5_desc;PLACEHOLDER DESC;;;;;;;;;;;;;x
tp_pat_6;Irregular Cavalry Patrols;;;;;;;;;;;;;x
tp_pat_6_desc;PLACEHOLDER DESC;;;;;;;;;;;;;x
tp_pat_7;Regular Cavalry Patrols;;;;;;;;;;;;;x
tp_pat_7_desc;PLACEHOLDER DESC;;;;;;;;;;;;;x
tp_pat_8;Frequent Cavalry Patrols;;;;;;;;;;;;;x
tp_pat_8_desc;PLACEHOLDER DESC;;;;;;;;;;;;;x
tp_port_1;Primitive Pier;;;;;;;;;;;;;x
tp_port_1_desc;PLACEHOLDER DESC;;;;;;;;;;;;;x
tp_port_2;Rudimentry Pier;;;;;;;;;;;;;x
tp_port_2_desc;PLACEHOLDER DESC;;;;;;;;;;;;;x
tp_port_3;Well-Established Pier;;;;;;;;;;;;;x
tp_port_3_desc;PLACEHOLDER DESC;;;;;;;;;;;;;x
tp_port_4;Small Harbour;;;;;;;;;;;;;x
tp_port_4_desc;PLACEHOLDER DESC;;;;;;;;;;;;;x
tp_port_5;Regional Harbour;;;;;;;;;;;;;x
tp_port_5_desc;PLACEHOLDER DESC;;;;;;;;;;;;;x
tp_smith_1;Primitive Blacksmith's Forge;;;;;;;;;;;;;x
tp_smith_1_desc;PLACEHOLDER DESC;;;;;;;;;;;;;x
tp_smith_2;Crude Blacksmiths Forge;;;;;;;;;;;;;x
tp_smith_2_desc;PLACEHOLDER DESC;;;;;;;;;;;;;x
tp_smith_3;Established Blacksmith's Forge;;;;;;;;;;;;;x
tp_smith_3_desc;PLACEHOLDER DESC;;;;;;;;;;;;;x
tp_smith_4;Sizeable Blacksmith's Forge;;;;;;;;;;;;;x
tp_smith_4_desc;PLACEHOLDER DESC;;;;;;;;;;;;;x
tp_smith_5;Small Blacksmithy;;;;;;;;;;;;;x
tp_smith_5_desc;PLACEHOLDER DESC;;;;;;;;;;;;;x
tp_smith_6;Sizeable Blacksmithy;;;;;;;;;;;;;x
tp_smith_6_desc;PLACEHOLDER DESC;;;;;;;;;;;;;x
tp_smith_7;Large Blacksmithy;;;;;;;;;;;;;x
tp_smith_7_desc;PLACEHOLDER DESC;;;;;;;;;;;;;x
tp_far_sus_1;Grove Garden Plots;;;;;;;;;;;;;x
tp_far_sus_1_desc;PLACEHOLDER DESC;;;;;;;;;;;;;x
tp_far_sus_2;Small Shrine Gardens;;;;;;;;;;;;;x
tp_far_sus_2_desc;PLACEHOLDER DESC;;;;;;;;;;;;;x
tp_far_sus_3;Shrine Gardens;;;;;;;;;;;;;x
tp_far_sus_3_desc;PLACEHOLDER DESC;;;;;;;;;;;;;x
tp_far_sus_4;Chapel Gardens;;;;;;;;;;;;;x
tp_far_sus_4_desc;PLACEHOLDER DESC;;;;;;;;;;;;;x
tp_far_sus_5;Church Gardens;;;;;;;;;;;;;x
tp_far_sus_5_desc;PLACEHOLDER DESC;;;;;;;;;;;;;x
tp_far_sus_6;Large Church Gardens;;;;;;;;;;;;;x
tp_far_sus_6_desc;PLACEHOLDER DESC;;;;;;;;;;;;;x
tp_steelworks_1;Primitive Steelworks;;;;;;;;;;;;;x
tp_steelworks_1_desc;PLACEHOLDER DESC;;;;;;;;;;;;;x
tp_steelworks_2;Crude Steelworks;;;;;;;;;;;;;x
tp_steelworks_2_desc;PLACEHOLDER DESC;;;;;;;;;;;;;x
tp_steelworks_3;Established Steelworks;;;;;;;;;;;;;x
tp_steelworks_3_desc;PLACEHOLDER DESC;;;;;;;;;;;;;x
tp_steelworks_4;Well-Established Steelworks;;;;;;;;;;;;;x
tp_steelworks_4_desc;PLACEHOLDER DESC;;;;;;;;;;;;;x
tp_steelworks_5;Renown Steelworks;;;;;;;;;;;;;x
tp_steelworks_5_desc;PLACEHOLDER DESC;;;;;;;;;;;;;x
tp_lumbermill_k_1;Primitive Kingswood Lumbershack;;;;;;;;;;;;;x
tp_lumbermill_k_1_desc;PLACEHOLDER DESC;;;;;;;;;;;;;x
tp_lumbermill_k_2;Small Kingswood Lumbershack;;;;;;;;;;;;;x
tp_lumbermill_k_2_desc;PLACEHOLDER DESC;;;;;;;;;;;;;x
tp_lumbermill_k_3;Sizeable Kingswood Lumbershack;;;;;;;;;;;;;x
tp_lumbermill_k_3_desc;PLACEHOLDER DESC;;;;;;;;;;;;;x
tp_lumbermill_k_4;Crude Kingswood Lumberyard;;;;;;;;;;;;;x
tp_lumbermill_k_4_desc;PLACEHOLDER DESC;;;;;;;;;;;;;x
tp_lumbermill_k_5;Established Kingswood Lumberyard;;;;;;;;;;;;;x
tp_lumbermill_k_5_desc;PLACEHOLDER DESC;;;;;;;;;;;;;x
tp_lumbermill_r_1;Primitive Rainwood Lumbershack;;;;;;;;;;;;;x
tp_lumbermill_r_1_desc;PLACEHOLDER DESC;;;;;;;;;;;;;x
tp_lumbermill_r_2;Small Rainwood Lumbershack;;;;;;;;;;;;;x
tp_lumbermill_r_2_desc;PLACEHOLDER DESC;;;;;;;;;;;;;x
tp_lumbermill_r_3;Sizeable Rainwood Lumbershack;;;;;;;;;;;;;x
tp_lumbermill_r_3_desc;PLACEHOLDER DESC;;;;;;;;;;;;;x
tp_lumbermill_r_4;Crude Rainwood Lumberyard;;;;;;;;;;;;;x
tp_lumbermill_r_4_desc;PLACEHOLDER DESC;;;;;;;;;;;;;x
tp_lumbermill_r_5;Established Rainwood Lumberyard;;;;;;;;;;;;;x
tp_lumbermill_r_5_desc;PLACEHOLDER DESC;;;;;;;;;;;;;x
tp_lumbermill_m_1;Primitive Mistwood Lumbershack;;;;;;;;;;;;;x
tp_lumbermill_m_1_desc;PLACEHOLDER DESC;;;;;;;;;;;;;x
tp_lumbermill_m_2;Small Mistwood Lumbershack;;;;;;;;;;;;;x
tp_lumbermill_m_2_desc;PLACEHOLDER DESC;;;;;;;;;;;;;x
tp_lumbermill_m_3;Sizeable Mistwood Lumbershack;;;;;;;;;;;;;x
tp_lumbermill_m_3_desc;PLACEHOLDER DESC;;;;;;;;;;;;;x
tp_lumbermill_m_4;Crude Mistwood Lumberyard;;;;;;;;;;;;;x
tp_lumbermill_m_4_desc;PLACEHOLDER DESC;;;;;;;;;;;;;x
tp_lumbermill_m_5;Established Mistwood Lumberyard;;;;;;;;;;;;;x
tp_lumbermill_m_5_desc;PLACEHOLDER DESC;;;;;;;;;;;;;x
tp_lumbermill_l_1;Primitive Lemonwood Lumbershack;;;;;;;;;;;;;x
tp_lumbermill_l_1_desc;PLACEHOLDER DESC;;;;;;;;;;;;;x
tp_lumbermill_l_2;Small Lemonwood Lumbershack;;;;;;;;;;;;;x
tp_lumbermill_l_2_desc;PLACEHOLDER DESC;;;;;;;;;;;;;x
tp_lumbermill_l_3;Sizeable Lemonwood Lumbershack;;;;;;;;;;;;;x
tp_lumbermill_l_3_desc;PLACEHOLDER DESC;;;;;;;;;;;;;x
tp_lumbermill_l_4;Crude Lemonwood Lumberyard;;;;;;;;;;;;;x
tp_lumbermill_l_4_desc;PLACEHOLDER DESC;;;;;;;;;;;;;x
tp_lumbermill_l_5;Established Lemonwood Lumberyard;;;;;;;;;;;;;x
tp_lumbermill_l_5_desc;PLACEHOLDER DESC;;;;;;;;;;;;;x
tp_lumbermill_w_1;Primitive Wolfwood Lumbershack;;;;;;;;;;;;;x
tp_lumbermill_w_1_desc;PLACEHOLDER DESC;;;;;;;;;;;;;x
tp_lumbermill_w_2;Small Wolfwood Lumbershack;;;;;;;;;;;;;x
tp_lumbermill_w_2_desc;PLACEHOLDER DESC;;;;;;;;;;;;;x
tp_lumbermill_w_3;Sizeable Wolfwood Lumbershack;;;;;;;;;;;;;x
tp_lumbermill_w_3_desc;PLACEHOLDER DESC;;;;;;;;;;;;;x
tp_lumbermill_w_4;Crude Wolfwood Lumberyard;;;;;;;;;;;;;x
tp_lumbermill_w_4_desc;PLACEHOLDER DESC;;;;;;;;;;;;;x
tp_lumbermill_w_5;Established Wolfwood Lumberyard;;;;;;;;;;;;;x
tp_lumbermill_w_5_desc;PLACEHOLDER DESC;;;;;;;;;;;;;x
tp_quarry_1;Raw Stone Collection;;;;;;;;;;;;;x
tp_quarry_1_desc;PLACEHOLDER DESC;;;;;;;;;;;;;x
tp_quarry_2;Shallow Quarry;;;;;;;;;;;;;x
tp_quarry_2_desc;PLACEHOLDER DESC;;;;;;;;;;;;;x
tp_quarry_3;Crude Quarry;;;;;;;;;;;;;x
tp_quarry_3_desc;PLACEHOLDER DESC;;;;;;;;;;;;;x
tp_quarry_4;Sizeable Quarry;;;;;;;;;;;;;x
tp_quarry_4_desc;PLACEHOLDER DESC;;;;;;;;;;;;;x
tp_quarry_5;Established Quarry;;;;;;;;;;;;;x
tp_quarry_5_desc;PLACEHOLDER DESC;;;;;;;;;;;;;x
tp_mine_c_1;Shallow Coal Pit;;;;;;;;;;;;;x
tp_mine_c_1_desc;PLACEHOLDER DESC;;;;;;;;;;;;;x
tp_mine_c_2;Primitive Coal Shafts;;;;;;;;;;;;;x
tp_mine_c_2_desc;PLACEHOLDER DESC;;;;;;;;;;;;;x
tp_mine_c_3;Crude Coal Mine;;;;;;;;;;;;;x
tp_mine_c_3_desc;PLACEHOLDER DESC;;;;;;;;;;;;;x
tp_mine_c_4;Sizeable Coal Mine;;;;;;;;;;;;;x
tp_mine_c_4_desc;PLACEHOLDER DESC;;;;;;;;;;;;;x
tp_mine_c_5;Established Coal Mine;;;;;;;;;;;;;x
tp_mine_c_5_desc;PLACEHOLDER DESC;;;;;;;;;;;;;x
tp_mine_sa_1;Shallow Salt Bores;;;;;;;;;;;;;x
tp_mine_sa_1_desc;PLACEHOLDER DESC;;;;;;;;;;;;;x
tp_mine_sa_2;Extensive Salt Bores;;;;;;;;;;;;;x
tp_mine_sa_2_desc;PLACEHOLDER DESC;;;;;;;;;;;;;x
tp_mine_sa_3;Small Salt Mine;;;;;;;;;;;;;x
tp_mine_sa_3_desc;PLACEHOLDER DESC;;;;;;;;;;;;;x
tp_mine_sa_4;Sizeable Salt Mine;;;;;;;;;;;;;x
tp_mine_sa_4_desc;PLACEHOLDER DESC;;;;;;;;;;;;;x
tp_mine_sa_5;Extensive Salt Mine;;;;;;;;;;;;;x
tp_mine_sa_5_desc;PLACEHOLDER DESC;;;;;;;;;;;;;x
tp_quarry_m_1;Primitive Marble Quarry;;;;;;;;;;;;;x
tp_quarry_m_1_desc;PLACEHOLDER DESC;;;;;;;;;;;;;x
tp_quarry_m_2;Crude Marble Quarry;;;;;;;;;;;;;x
tp_quarry_m_2_desc;PLACEHOLDER DESC;;;;;;;;;;;;;x
tp_quarry_m_3;Small Marble Quarry;;;;;;;;;;;;;x
tp_quarry_m_3_desc;PLACEHOLDER DESC;;;;;;;;;;;;;x
tp_quarry_m_4;Sizeable Marble Quarry;;;;;;;;;;;;;x
tp_quarry_m_4_desc;PLACEHOLDER DESC;;;;;;;;;;;;;x
tp_quarry_m_5;Established Marble Quarry;;;;;;;;;;;;;x
tp_quarry_m_5_desc;PLACEHOLDER DESC;;;;;;;;;;;;;x
tp_quarry_gr_1;Primitive Granite Quarry;;;;;;;;;;;;;x
tp_quarry_gr_1_desc;PLACEHOLDER DESC;;;;;;;;;;;;;x
tp_quarry_gr_2;Crude Granite Quarry;;;;;;;;;;;;;x
tp_quarry_gr_2_desc;PLACEHOLDER DESC;;;;;;;;;;;;;x
tp_quarry_gr_3;Small Granite Quarry;;;;;;;;;;;;;x
tp_quarry_gr_3_desc;PLACEHOLDER DESC;;;;;;;;;;;;;x
tp_quarry_gr_4;Sizeable Granite Quarry;;;;;;;;;;;;;x
tp_quarry_gr_4_desc;PLACEHOLDER DESC;;;;;;;;;;;;;x
tp_quarry_gr_5;Established Granite Quarry;;;;;;;;;;;;;x
tp_quarry_gr_5_desc;PLACEHOLDER DESC;;;;;;;;;;;;;x
tp_mine_co_1;Primitive Copper Mine;;;;;;;;;;;;;x
tp_mine_co_1_desc;PLACEHOLDER DESC;;;;;;;;;;;;;x
tp_mine_co_2;Crude Copper Mine;;;;;;;;;;;;;x
tp_mine_co_2_desc;PLACEHOLDER DESC;;;;;;;;;;;;;x
tp_mine_co_3;Small Copper Mine;;;;;;;;;;;;;x
tp_mine_co_3_desc;PLACEHOLDER DESC;;;;;;;;;;;;;x
tp_mine_co_4;Sizeable Copper Mine;;;;;;;;;;;;;x
tp_mine_co_4_desc;PLACEHOLDER DESC;;;;;;;;;;;;;x
tp_mine_co_5;Established Copper Mine;;;;;;;;;;;;;x
tp_mine_co_5_desc;PLACEHOLDER DESC;;;;;;;;;;;;;x
tp_mine_i_1;Primitive Iron Mine;;;;;;;;;;;;;x
tp_mine_i_1_desc;PLACEHOLDER DESC;;;;;;;;;;;;;x
tp_mine_i_2;Crude Iron Mine;;;;;;;;;;;;;x
tp_mine_i_2_desc;PLACEHOLDER DESC;;;;;;;;;;;;;x
tp_mine_i_3;Small Iron Mine;;;;;;;;;;;;;x
tp_mine_i_3_desc;PLACEHOLDER DESC;;;;;;;;;;;;;x
tp_mine_i_4;Sizeable Iron Mine;;;;;;;;;;;;;x
tp_mine_i_4_desc;PLACEHOLDER DESC;;;;;;;;;;;;;x
tp_mine_i_5;Established Iron Mine;;;;;;;;;;;;;x
tp_mine_i_5_desc;PLACEHOLDER DESC;;;;;;;;;;;;;x
tp_mine_s_1;Primitive Silver Mine;;;;;;;;;;;;;x
tp_mine_s_1_desc;PLACEHOLDER DESC;;;;;;;;;;;;;x
tp_mine_s_2;Small Silver Mine;;;;;;;;;;;;;x
tp_mine_s_2_desc;PLACEHOLDER DESC;;;;;;;;;;;;;x
tp_mine_s_3;Sizeable Silver Mine;;;;;;;;;;;;;x
tp_mine_s_3_desc;PLACEHOLDER DESC;;;;;;;;;;;;;x
tp_mine_s_4;Established Silver Mine;;;;;;;;;;;;;x
tp_mine_s_4_desc;PLACEHOLDER DESC;;;;;;;;;;;;;x
tp_mine_s_5;Renowned Silver Mine;;;;;;;;;;;;;x
tp_mine_s_5_desc;PLACEHOLDER DESC;;;;;;;;;;;;;x
tp_mine_g_1;Primitive Gold Mine;;;;;;;;;;;;;x
tp_mine_g_1_desc;PLACEHOLDER DESC;;;;;;;;;;;;;x
tp_mine_g_2;Small Gold Mine;;;;;;;;;;;;;x
tp_mine_g_2_desc;PLACEHOLDER DESC;;;;;;;;;;;;;x
tp_mine_g_3;Sizeable Gold Mine;;;;;;;;;;;;;x
tp_mine_g_3_desc;PLACEHOLDER DESC;;;;;;;;;;;;;x
tp_mine_g_4;Established Gold Mine;;;;;;;;;;;;;x
tp_mine_g_4_desc;PLACEHOLDER DESC;;;;;;;;;;;;;x
tp_mine_g_5;Renowned Gold Mine;;;;;;;;;;;;;x
tp_mine_g_5_desc;PLACEHOLDER DESC;;;;;;;;;;;;;x
tp_mine_d_1;Primitive Diamond Mine;;;;;;;;;;;;;x
tp_mine_d_1_desc;PLACEHOLDER DESC;;;;;;;;;;;;;x
tp_mine_d_2;Small Diamond Mine;;;;;;;;;;;;;x
tp_mine_d_2_desc;PLACEHOLDER DESC;;;;;;;;;;;;;x
tp_mine_d_3;Sizeable Diamond Mine;;;;;;;;;;;;;x
tp_mine_d_3_desc;PLACEHOLDER DESC;;;;;;;;;;;;;x
tp_mine_d_4;Established Diamond Mine;;;;;;;;;;;;;x
tp_mine_d_4_desc;PLACEHOLDER DESC;;;;;;;;;;;;;x
tp_mine_d_5;Renowned Diamond Mine;;;;;;;;;;;;;x
tp_mine_d_5_desc;PLACEHOLDER DESC;;;;;;;;;;;;;x
tp_mine_gm_1;Primitive Gemstone Mine;;;;;;;;;;;;;x
tp_mine_gm_1_desc;PLACEHOLDER DESC;;;;;;;;;;;;;x
tp_mine_gm_2;Small Gemstone Mine;;;;;;;;;;;;;x
tp_mine_gm_2_desc;PLACEHOLDER DESC;;;;;;;;;;;;;x
tp_mine_gm_3;Sizeable Gemstone Mine;;;;;;;;;;;;;x
tp_mine_gm_3_desc;PLACEHOLDER DESC;;;;;;;;;;;;;x
tp_mine_gm_4;Established Gemstone Mine;;;;;;;;;;;;;x
tp_mine_gm_4_desc;PLACEHOLDER DESC;;;;;;;;;;;;;x
tp_mine_gm_5;Renowned Gemstone Mine;;;;;;;;;;;;;x
tp_mine_gm_5_desc;PLACEHOLDER DESC;;;;;;;;;;;;;x
tp_mine_o_1;Primitive Dragonglass Mine;;;;;;;;;;;;;x
tp_mine_o_1_desc;PLACEHOLDER DESC;;;;;;;;;;;;;x
tp_mine_o_2;Small Dragonglass Mine;;;;;;;;;;;;;x
tp_mine_o_2_desc;PLACEHOLDER DESC;;;;;;;;;;;;;x
tp_mine_o_3;Sizeable Dragonglass Mine;;;;;;;;;;;;;x
tp_mine_o_3_desc;PLACEHOLDER DESC;;;;;;;;;;;;;x
tp_mine_o_4;Established Dragonglass Mine;;;;;;;;;;;;;x
tp_mine_o_4_desc;PLACEHOLDER DESC;;;;;;;;;;;;;x
tp_mine_o_5;Renowned Dragonglass Mine;;;;;;;;;;;;;x
tp_mine_o_5_desc;PLACEHOLDER DESC;;;;;;;;;;;;;x
tp_seal_hunt_1;Trivial Seal Hunting;;;;;;;;;;;;;x
tp_seal_hunt_1_desc;PLACEHOLDER DESC;;;;;;;;;;;;;x
tp_seal_hunt_2;Insignificant Seal Hunting;;;;;;;;;;;;;x
tp_seal_hunt_2_desc;PLACEHOLDER DESC;;;;;;;;;;;;;x
tp_seal_hunt_3;Sizeable Seal Hunting;;;;;;;;;;;;;x
tp_seal_hunt_3_desc;PLACEHOLDER DESC;;;;;;;;;;;;;x
tp_seal_hunt_4;Established Seal Hunting;;;;;;;;;;;;;x
tp_seal_hunt_4_desc;PLACEHOLDER DESC;;;;;;;;;;;;;x
tp_seal_hunt_5;Extensive Seal Hunting;;;;;;;;;;;;;x
tp_seal_hunt_5_desc;PLACEHOLDER DESC;;;;;;;;;;;;;x
tp_hunt_1;Trivial Hunting;;;;;;;;;;;;;x
tp_hunt_1_desc;PLACEHOLDER DESC;;;;;;;;;;;;;x
tp_hunt_2;Insignificant Hunting;;;;;;;;;;;;;x
tp_hunt_2_desc;PLACEHOLDER DESC;;;;;;;;;;;;;x
tp_hunt_3;Sizeable Hunting;;;;;;;;;;;;;x
tp_hunt_3_desc;PLACEHOLDER DESC;;;;;;;;;;;;;x
tp_hunt_4;Established Hunting;;;;;;;;;;;;;x
tp_hunt_4_desc;PLACEHOLDER DESC;;;;;;;;;;;;;x
tp_hunt_5;Extensive Hunting;;;;;;;;;;;;;x
tp_hunt_5_desc;PLACEHOLDER DESC;;;;;;;;;;;;;x
tp_jewellery_1;Tiny Jeweller;;;;;;;;;;;;;x
tp_jewellery_1_desc;PLACEHOLDER DESC;;;;;;;;;;;;;x
tp_jewellery_2;Small Jeweller;;;;;;;;;;;;;x
tp_jewellery_2_desc;PLACEHOLDER DESC;;;;;;;;;;;;;x
tp_jewellery_3;Sizeable Jeweller;;;;;;;;;;;;;x
tp_jewellery_3_desc;PLACEHOLDER DESC;;;;;;;;;;;;;x
tp_jewellery_4;Established Jeweller;;;;;;;;;;;;;x
tp_jewellery_4_desc;PLACEHOLDER DESC;;;;;;;;;;;;;x
tp_jewellery_5;Renowned Jeweller;;;;;;;;;;;;;x
tp_jewellery_5_desc;PLACEHOLDER DESC;;;;;;;;;;;;;x
tp_precious_fabrics_1;Tiny Fabric Merchant;;;;;;;;;;;;;x
tp_precious_fabrics_1_desc;PLACEHOLDER DESC;;;;;;;;;;;;;x
tp_precious_fabrics_2;Small Fabric Merchant;;;;;;;;;;;;;x
tp_precious_fabrics_2_desc;PLACEHOLDER DESC;;;;;;;;;;;;;x
tp_precious_fabrics_3;Sizeable Fabric Merchant;;;;;;;;;;;;;x
tp_precious_fabrics_3_desc;PLACEHOLDER DESC;;;;;;;;;;;;;x
tp_precious_fabrics_4;Established Fabric Merchant;;;;;;;;;;;;;x
tp_precious_fabrics_4_desc;PLACEHOLDER DESC;;;;;;;;;;;;;x
tp_precious_fabrics_5;Renowned Fabric Merchant;;;;;;;;;;;;;x
tp_precious_fabrics_5_desc;PLACEHOLDER DESC;;;;;;;;;;;;;x
tp_castle_chapel_1;Altar;;;;;;;;;;;;;x
tp_castle_chapel_1_desc;PLACEHOLDER DESC;;;;;;;;;;;;;x
tp_castle_chapel_2;Small Castle Chapel;;;;;;;;;;;;;x
tp_castle_chapel_2_desc;PLACEHOLDER DESC;;;;;;;;;;;;;x
tp_castle_chapel_3;Castle Chapel;;;;;;;;;;;;;x
tp_castle_chapel_3_desc;PLACEHOLDER DESC;;;;;;;;;;;;;x
tp_farming_v_1;Trivial Smallhold Vineyards;;;;;;;;;;;;;x
tp_farming_v_1_desc;PLACEHOLDER DESC;;;;;;;;;;;;;x
tp_farming_v_2;Insignificant Smallhold Vineyards;;;;;;;;;;;;;x
tp_farming_v_2_desc;PLACEHOLDER DESC;;;;;;;;;;;;;x
tp_farming_v_3;Meagre Smallhold Vineyards;;;;;;;;;;;;;x
tp_farming_v_3_desc;PLACEHOLDER DESC;;;;;;;;;;;;;x
tp_farming_v_4;Noteworthy Smallhold Vineyards;;;;;;;;;;;;;x
tp_farming_v_4_desc;PLACEHOLDER DESC;;;;;;;;;;;;;x
tp_farming_v_5;Significant Smallhold Vineyards;;;;;;;;;;;;;x
tp_farming_v_5_desc;PLACEHOLDER DESC;;;;;;;;;;;;;x
tp_farming_v_6;Sprawling Smallhold Vineyards;;;;;;;;;;;;;x
tp_farming_v_6_desc;PLACEHOLDER DESC;;;;;;;;;;;;;x
tp_farming_o_1;Trivial Smallhold Orchards;;;;;;;;;;;;;x
tp_farming_o_1_desc;PLACEHOLDER DESC;;;;;;;;;;;;;x
tp_farming_o_2;Insignificant Smallhold Orchards;;;;;;;;;;;;;x
tp_farming_o_2_desc;PLACEHOLDER DESC;;;;;;;;;;;;;x
tp_farming_o_3;Meagre Smallhold Orchards;;;;;;;;;;;;;x
tp_farming_o_3_desc;PLACEHOLDER DESC;;;;;;;;;;;;;x
tp_farming_o_4;Noteworthy Smallhold Orchards;;;;;;;;;;;;;x
tp_farming_o_4_desc;PLACEHOLDER DESC;;;;;;;;;;;;;x
tp_farming_o_5;Significant Smallhold Orchards;;;;;;;;;;;;;x
tp_farming_o_5_desc;PLACEHOLDER DESC;;;;;;;;;;;;;x
tp_farming_o_6;Sprawling Smallhold Orchards;;;;;;;;;;;;;x
tp_farming_o_6_desc;PLACEHOLDER DESC;;;;;;;;;;;;;x
tp_pasture_c_1;Trivial Cattle Pastures;;;;;;;;;;;;;x
tp_pasture_c_1_desc;PLACEHOLDER DESC;;;;;;;;;;;;;x
tp_pasture_c_2;Insignificant Cattle Pastures;;;;;;;;;;;;;x
tp_pasture_c_2_desc;PLACEHOLDER DESC;;;;;;;;;;;;;x
tp_pasture_c_3;Meagre Cattle Pastures;;;;;;;;;;;;;x
tp_pasture_c_3_desc;PLACEHOLDER DESC;;;;;;;;;;;;;x
tp_pasture_c_4;Noteworthy Cattle Pastures;;;;;;;;;;;;;x
tp_pasture_c_4_desc;PLACEHOLDER DESC;;;;;;;;;;;;;x
tp_pasture_c_5;Significant Cattle Pastures;;;;;;;;;;;;;x
tp_pasture_c_5_desc;PLACEHOLDER DESC;;;;;;;;;;;;;x
tp_pasture_c_6;Sprawling Cattle Pastures;;;;;;;;;;;;;x
tp_pasture_c_6_desc;PLACEHOLDER DESC;;;;;;;;;;;;;x
tp_pasture_s_1;Trivial Sheep Pastures;;;;;;;;;;;;;x
tp_pasture_s_1_desc;PLACEHOLDER DESC;;;;;;;;;;;;;x
tp_pasture_s_2;Insignificant Sheep Pastures;;;;;;;;;;;;;x
tp_pasture_s_2_desc;PLACEHOLDER DESC;;;;;;;;;;;;;x
tp_pasture_s_3;Meagre Sheep Pastures;;;;;;;;;;;;;x
tp_pasture_s_3_desc;PLACEHOLDER DESC;;;;;;;;;;;;;x
tp_pasture_s_4;Noteworthy Sheep Pastures;;;;;;;;;;;;;x
tp_pasture_s_4_desc;PLACEHOLDER DESC;;;;;;;;;;;;;x
tp_pasture_s_5;Significant Sheep Pastures;;;;;;;;;;;;;x
tp_pasture_s_5_desc;PLACEHOLDER DESC;;;;;;;;;;;;;x
tp_pasture_s_6;Sprawling Sheep Pastures;;;;;;;;;;;;;x
tp_pasture_s_6_desc;PLACEHOLDER DESC;;;;;;;;;;;;;x
tp_pasture_g_1;Trivial Goat Pastures;;;;;;;;;;;;;x
tp_pasture_g_1_desc;PLACEHOLDER DESC;;;;;;;;;;;;;x
tp_pasture_g_2;Insignificant Sheep Pastures;;;;;;;;;;;;;x
tp_pasture_g_2_desc;PLACEHOLDER DESC;;;;;;;;;;;;;x
tp_pasture_g_3;Meagre Sheep Pastures;;;;;;;;;;;;;x
tp_pasture_g_3_desc;PLACEHOLDER DESC;;;;;;;;;;;;;x
tp_pasture_g_4;Noteworthy Sheep Pastures;;;;;;;;;;;;;x
tp_pasture_g_4_desc;PLACEHOLDER DESC;;;;;;;;;;;;;x
tp_pasture_g_5;Significant Sheep Pastures;;;;;;;;;;;;;x
tp_pasture_g_5_desc;PLACEHOLDER DESC;;;;;;;;;;;;;x
tp_pasture_g_6;Sprawling Sheep Pastures;;;;;;;;;;;;;x
tp_pasture_g_6_desc;PLACEHOLDER DESC;;;;;;;;;;;;;x
